"mean (positions) 1";"mean (positions) 2";"mean (positions) 3";"mean (positions) 4";"mean (positions) 5";"mean (positions) 6";"mean (positions) 7";"mean (positions) 8";"mean (positions) 9";"mean (positions) 10";"mean (positions) 11";"mean (positions) 12";"mean (positions) 13";"mean (positions) 14";"mean (positions) 15";"mean (positions) 16";"mean (positions) 17";"mean (positions) 18";"mean (positions) 19";"mean (positions) 20";"mean (positions) 21";"mean (positions) 22";"mean (positions) 23";"mean (positions) 24";"mean (positions) 25";"mean (positions) 26";"mean (positions) 27";"mean (positions) 28";"mean (positions) 29";"mean (positions) 30";"mean (positions) 31";"mean (positions) 32";"mean (positions) 33";"mean (positions) 34";"mean (positions) 35";"mean (positions) 36";"mean (positions) 37";"mean (positions) 38";"mean (positions) 39";"mean (positions) 40";"mean (positions) 41";"mean (positions) 42";"mean (positions) 43";"mean (positions) 44";"mean (positions) 45";"mean (positions) 46";"mean (positions) 47";"mean (positions) 48";"mean (positions) 49";"mean (positions) 50";"mean (positions) 51";"mean (positions) 52";"mean (positions) 53";"mean (positions) 54";"mean (positions) 55";"mean (positions) 56";"mean (positions) 57";"mean (positions) 58";"mean (positions) 59";"mean (positions) 60";"std (position) 1";"std (position) 2";"std (position) 3";"std (position) 4";"std (position) 5";"std (position) 6";"std (position) 7";"std (position) 8";"std (position) 9";"std (position) 10";"std (position) 11";"std (position) 12";"std (position) 13";"std (position) 14";"std (position) 15";"std (position) 16";"std (position) 17";"std (position) 18";"std (position) 19";"std (position) 20";"std (position) 21";"std (position) 22";"std (position) 23";"std (position) 24";"std (position) 25";"std (position) 26";"std (position) 27";"std (position) 28";"std (position) 29";"std (position) 30";"std (position) 31";"std (position) 32";"std (position) 33";"std (position) 34";"std (position) 35";"std (position) 36";"std (position) 37";"std (position) 38";"std (position) 39";"std (position) 40";"std (position) 41";"std (position) 42";"std (position) 43";"std (position) 44";"std (position) 45";"std (position) 46";"std (position) 47";"std (position) 48";"std (position) 49";"std (position) 50";"std (position) 51";"std (position) 52";"std (position) 53";"std (position) 54";"std (position) 55";"std (position) 56";"std (position) 57";"std (position) 58";"std (position) 59";"std (position) 60";"mean (angles) 1";"mean (angles) 2";"mean (angles) 3";"mean (angles) 4";"mean (angles) 5";"mean (angles) 6";"mean (angles) 7";"mean (angles) 8";"mean (angles) 9";"mean (angles) 10";"mean (angles) 11";"mean (angles) 12";"mean (angles) 13";"mean (angles) 14";"mean (angles) 15";"mean (angles) 16";"mean (angles) 17";"mean (angles) 18";"mean (angles) 19";"mean (angles) 20";"mean (angles) 21";"mean (angles) 22";"mean (angles) 23";"mean (angles) 24";"mean (angles) 25";"mean (angles) 26";"mean (angles) 27";"mean (angles) 28";"mean (angles) 29";"mean (angles) 30";"mean (angles) 31";"mean (angles) 32";"mean (angles) 33";"mean (angles) 34";"mean (angles) 35";"mean (angles) 36";"mean (angles) 37";"mean (angles) 38";"mean (angles) 39";"mean (angles) 40";"mean (angles) 41";"mean (angles) 42";"mean (angles) 43";"mean (angles) 44";"mean (angles) 45";"mean (angles) 46";"mean (angles) 47";"mean (angles) 48";"mean (angles) 49";"mean (angles) 50";"mean (angles) 51";"mean (angles) 52";"mean (angles) 53";"mean (angles) 54";"mean (angles) 55";"mean (angles) 56";"mean (angles) 57";"mean (angles) 58";"mean (angles) 59";"mean (angles) 60";"std (angles) 1";"std (angles) 2";"std (angles) 3";"std (angles) 4";"std (angles) 5";"std (angles) 6";"std (angles) 7";"std (angles) 8";"std (angles) 9";"std (angles) 10";"std (angles) 11";"std (angles) 12";"std (angles) 13";"std (angles) 14";"std (angles) 15";"std (angles) 16";"std (angles) 17";"std (angles) 18";"std (angles) 19";"std (angles) 20";"std (angles) 21";"std (angles) 22";"std (angles) 23";"std (angles) 24";"std (angles) 25";"std (angles) 26";"std (angles) 27";"std (angles) 28";"std (angles) 29";"std (angles) 30";"std (angles) 31";"std (angles) 32";"std (angles) 33";"std (angles) 34";"std (angles) 35";"std (angles) 36";"std (angles) 37";"std (angles) 38";"std (angles) 39";"std (angles) 40";"std (angles) 41";"std (angles) 42";"std (angles) 43";"std (angles) 44";"std (angles) 45";"std (angles) 46";"std (angles) 47";"std (angles) 48";"std (angles) 49";"std (angles) 50";"std (angles) 51";"std (angles) 52";"std (angles) 53";"std (angles) 54";"std (angles) 55";"std (angles) 56";"std (angles) 57";"std (angles) 58";"std (angles) 59";"std (angles) 60";"Gesture Name"
0.051887957;0.646871347;2.409750213;0.060117096;0.451911689;2.449198277;-0.106647326;0.344324036;2.461467553;0.18385207;0.332071747;2.433076872;-0.171449785;0.089979947;2.475493936;0.295677234;0.203840072;2.270401298;-0.199813857;-0.121871223;2.448377511;0.215485336;0.344741511;2.148112894;-0.19462314;-0.210392949;2.442084745;0.206828136;0.385182485;2.142481213;0.053400797;0.081107404;2.463636319;0.047453321;0.011699378;2.421405298;-0.022386589;-0.054024191;2.415783979;0.113375885;-0.053025448;2.415441723;-0.071878577;-0.494349004;2.549366851;0.181378438;-0.486130072;2.536758213;-0.106362153;-0.863220668;2.629509915;0.182314734;-0.847851106;2.627828511;-0.158854634;-0.922109921;2.624428723;0.241612757;-0.918361549;2.602482809;0.002457458;0.001588631;0.004003828;0.001340487;0.002368093;0.003430722;6.88982E-4;2.62241E-4;0.001849679;0.002760767;0.003287879;0.004061203;6.67012E-4;4.02674E-4;0.00287856;0.001845584;0.004613703;0.009890735;0.001184133;0.002360972;0.003053019;0.005048169;0.010306503;0.024657543;0.001551695;0.001922335;0.00411244;0.008676531;0.020163049;0.039198953;8.97233E-4;0.001043268;0.003257364;7.57671E-4;9.48379E-4;0.003039453;6.49317E-4;0.001089057;0.003603897;0.001140441;0.001360801;0.002766005;0.001227657;0.001262173;0.001377623;7.72434E-4;0.002858185;0.001085193;0.001096651;0.002271609;0.001010685;0.00141679;0.002343495;0.003808742;0.005364228;0.003782257;0.009956934;0.003380723;0.002181834;0.007368348;0.179708076;-0.137320056;-0.224643697;0.050419359;-0.333931456;-0.227652749;0.107899868;-0.051989058;-0.434800793;0.261286665;-0.055283447;-0.032688076;0.004908446;0.004704038;-0.456839341;0.044357752;0.003696254;-0.124624805;-0.00822457;0.15172909;-0.122903465;0.072456973;-0.106817335;-0.156542065;-0.008381258;0.107898047;-0.183769648;0.063275267;-0.064953261;-0.181638731;-0.089656861;-0.209530489;-0.409750707;0.026226145;-0.140907821;-0.481973943;-0.04817412;-0.154437957;-0.536788873;0.074299328;-0.321005905;-0.319380525;0.115005158;-0.147632263;-0.170266536;0.016420716;-0.333845229;0.027855856;-0.054822989;-0.130085664;0.051201126;0.033390145;-0.077348727;0.007213748;0.034881251;0.022269821;-0.027175451;-0.043545717;0.043593029;0.031937246;0.529830876;0.287510889;0.479317281;0.55456995;0.369421507;0.394844412;0.4691948;0.239509963;0.387151063;0.491639266;0.491873302;0.458012725;0.400624154;0.366244889;0.358538867;0.230208394;0.354327627;0.618851595;0.329184563;0.653736607;0.440493056;0.218256179;0.334012493;0.613173037;0.286872689;0.541729504;0.510644858;0.189163503;0.392787239;0.596814487;0.50831558;0.280628843;0.349972827;0.362444474;0.364076441;0.33064792;0.345826651;0.315486701;0.267936227;0.450302463;0.412622671;0.378062829;0.503192451;0.547061806;0.406667523;0.294819189;0.762708633;0.311353015;0.435190306;0.585278794;0.458585245;0.365385411;0.428723262;0.571660901;0.431776197;0.279627278;0.595978092;0.389501276;0.241848913;0.617290568;"you"
-0.002691729;0.624925822;2.240211603;0.018585913;0.435987316;2.269612968;-0.152985305;0.336313697;2.305371333;0.164105271;0.331344;2.240892635;-0.217325814;0.105646835;2.369262238;0.287748314;0.23397489;2.056084032;-0.212188217;-0.080748779;2.391195889;0.215252849;0.342943349;1.928450873;-0.208570268;-0.152677894;2.410808905;0.190432193;0.390412284;1.896472762;0.017328327;0.059307874;2.279162238;0.012979472;-0.014984287;2.264170778;-0.064156048;-0.085954232;2.269267397;0.088217795;-0.085724914;2.253286651;-0.077069319;-0.528919222;2.403423619;0.136082303;-0.525335308;2.388445603;-0.084236182;-0.884874008;2.476653635;0.139941784;-0.881986316;2.46391719;-0.12037706;-0.948978324;2.437554778;0.163638329;-0.944985054;2.433999063;0.001298614;0.001033182;0.003049943;0.003582745;0.001904419;0.005779679;0.003161878;0.001090537;0.003263077;0.007380889;0.012054898;0.009178094;0.001601567;7.11526E-4;0.001779198;0.010487007;0.005319673;0.018548756;0.001211121;0.00548337;0.002120302;0.056763198;0.032066642;0.086731147;9.60897E-4;0.008580816;0.006565107;0.080716589;0.045648418;0.089125312;0.001528284;0.003302057;0.004152364;0.002133252;0.004738009;8.13314E-4;0.002037826;0.002309101;0.001136144;0.003548105;0.004243427;5.82921E-4;8.43406E-4;0.003074754;0.001143185;4.94482E-4;0.002890748;0.001223747;0.001200817;0.001161684;0.002776009;0.001547395;0.002190318;0.002026817;0.001196772;8.13608E-4;8.58761E-4;0.004799147;0.002304024;0.003598837;0.083407399;-0.017073927;0.085007392;0.106673709;0.010706022;-0.155041295;0.114001397;0.191933685;0.059393731;-0.116603644;-0.247533002;-0.009377936;0.039441252;0.16577196;0.031920864;0.031168548;0.077212831;-0.09010203;-0.066446273;0.041454377;0.028550907;0.042007015;-0.001350901;-0.174926904;-0.019486062;0.058454323;0.044851515;0.072556445;0.010108892;-0.16197634;-0.090377387;-0.124070583;-0.232290187;-0.086553507;-0.441494585;-0.148789867;-0.153655132;-0.091262015;-0.171279875;-0.298755558;-0.176449081;-0.10962301;-0.005068058;-0.213930558;0.016168478;1.04389E-4;0.060094473;0.032393221;0.028053216;-0.014622028;0.031328935;0.012770448;0.1168147;-0.033538867;0.014974445;-0.021129994;0.114261371;-0.091783463;-0.041699505;0.075668864;0.377868405;0.486560874;0.539580445;0.549691635;0.338590948;0.50325736;0.557195605;0.409062549;0.473425911;0.591539069;0.60942276;0.305205756;0.533678084;0.461082365;0.476910209;0.442561864;0.421840724;0.541533289;0.448570672;0.509200701;0.507681426;0.54995597;0.384958556;0.484378717;0.287120423;0.614672934;0.50777158;0.583849729;0.419076798;0.451991654;0.301324704;0.416861492;0.541156731;0.424294486;0.597892889;0.312813538;0.618386513;0.456362215;0.388026341;0.63048173;0.453799091;0.341816587;0.336588084;0.762330118;0.348116646;0.320248051;0.786498728;0.358420011;0.401034698;0.448794779;0.556153662;0.449077825;0.537268181;0.48848004;0.54054688;0.542650156;0.43011443;0.542999028;0.454954445;0.479622897;"thankyou"
-0.029336039;0.664426425;2.443439815;-0.023425611;0.480809202;2.451577111;-0.203416706;0.353488557;2.506273185;0.119182913;0.369528901;2.410916753;-0.2888936;0.11385377;2.551979111;0.176666107;0.309556888;2.239394383;-0.339956475;-0.089458908;2.56597037;0.106110643;0.363698347;2.108739852;-0.350854609;-0.162658986;2.584130975;0.083332552;0.384788125;2.076911432;-0.027925976;0.104853973;2.461226926;-0.035478739;0.031685249;2.441810531;-0.114145574;-0.044524758;2.445589642;0.039150149;-0.039025225;2.430342358;-0.136671912;-0.479083983;2.584585889;0.073279485;-0.47419926;2.553977481;-0.146014954;-0.844178181;2.666457667;0.08723743;-0.842452057;2.654968358;-0.164352409;-0.902179952;2.624479519;0.081169664;-0.913663835;2.634135568;0.013032398;0.017445264;0.007226296;0.008229534;0.023995553;0.01868448;0.005741226;0.007283506;0.008046745;0.014520867;0.025069528;0.032442146;0.008895381;0.009059848;0.01047939;0.136813382;0.027777171;0.064358556;0.014059368;0.008020451;0.011840944;0.253051546;0.03356605;0.058029514;0.015729335;0.005352207;0.012864012;0.280303582;0.030145812;0.068976392;0.006555667;0.003790466;0.013763147;0.004994931;0.004584106;0.004108367;0.005334782;0.003365291;0.007400771;0.005207021;0.003671851;0.007104057;0.00285214;0.004552018;0.003945238;0.004216813;0.006694996;0.003532866;0.001684801;0.004856209;0.002875724;0.002656278;0.006487391;0.001920543;0.012326122;0.014478709;0.031026445;0.003433033;0.004801423;0.003576531;0.072759287;0.039566825;0.005736402;-0.027098308;0.243252006;-0.172397226;0.104124558;-0.026036377;0.050968276;-0.159490892;-0.056096383;-0.191798817;0.113112792;0.076826571;0.015036703;-0.198031034;-0.00372722;-0.087013181;0.043003476;0.073615136;0.04979082;-0.153305352;-0.042091476;-0.017916435;0.010294233;-0.001782134;0.171864024;-0.129100549;-0.073433688;0.002906053;-0.015131426;-0.037178439;-0.279564753;0.025073397;-0.260605165;-0.132789797;0.044659542;-0.211825784;0.066902157;0.020273195;-0.121224758;-0.17860554;-0.084681478;-0.057668799;0.003459071;-0.023802245;-0.019385768;0.01547882;-0.004168668;0.002793305;-0.041941886;0.011123727;-0.030767495;0.023543488;-0.051494455;-0.006303637;-0.031604532;0.034300445;-0.052939556;-0.012658176;0.513238661;0.603661544;0.41992082;0.368978394;0.570991735;0.449713284;0.494565704;0.502344594;0.486636612;0.525879969;0.5696578;0.37616855;0.488488767;0.614794053;0.41923657;0.636632624;0.307025044;0.465232251;0.52051008;0.532470532;0.458620113;0.702066645;0.249825025;0.450527308;0.434928807;0.473237286;0.507178458;0.761993538;0.263494986;0.396915568;0.365356401;0.374547856;0.526227353;0.422219209;0.665547016;0.361365809;0.52848558;0.504912636;0.445394253;0.47932734;0.508103799;0.458084697;0.403419159;0.6896278;0.411408799;0.48830012;0.626496104;0.421382435;0.39079153;0.640919612;0.458484631;0.420331051;0.713397119;0.387091819;0.439498014;0.417769448;0.554554985;0.498406921;0.565789053;0.455313062;"name"
0.065604143;0.639172107;2.377587259;0.069247301;0.44737672;2.40597187;-0.0927068;0.339007402;2.368022389;0.231171998;0.347284465;2.377466907;-0.111008474;0.172785733;2.220434685;0.275162898;0.187205761;2.229671259;0.068867517;0.265285156;2.120370037;0.116984048;0.228870611;2.109951185;0.099642495;0.292865478;2.068989019;0.065509304;0.272292969;2.077891778;0.070368819;0.083928486;2.421930593;0.072075398;0.017382389;2.372036111;-5.38E-5;-0.056013127;2.356272;0.144885009;-0.05360429;2.371568241;-0.059560262;-0.518155931;2.499085519;0.19415198;-0.503433756;2.48028237;-0.102186754;-0.863987624;2.588326352;0.210813239;-0.863520772;2.564768519;-0.160803989;-0.928576002;2.549206389;0.255688093;-0.923413467;2.524808296;0.002076262;0.001316519;0.007460338;0.001394871;0.002379761;0.003988136;0.007767065;0.004885907;0.009555297;0.00567677;0.002441341;0.011029147;0.006562357;0.00860499;0.007039143;0.006456911;0.003000925;0.004257744;0.022315445;0.038771053;0.046139324;0.012218929;0.038456729;0.038815867;0.029883498;0.043846009;0.049357751;0.015537926;0.039818601;0.053623608;0.001710479;0.00821987;0.003510742;0.001781543;0.010446341;0.004240617;0.003838988;0.008113389;0.003373964;9.58337E-4;0.009622258;0.006116995;0.001215938;0.006997731;0.004928992;5.68075E-4;0.001879327;0.004129886;9.93078E-4;0.002374032;0.002337993;0.001990428;0.004656611;0.004342934;0.001043152;0.001201228;0.0023744;0.001195358;0.00150224;0.001645752;0.027591859;-0.011829362;-0.101026348;6.36E-5;0.108216094;-0.236467923;0.095343678;-0.119637073;-0.324449672;-0.030443244;-0.017513746;-0.244503127;-0.138520785;0.04565623;0.061851078;0.158944171;0.01898583;-0.07660835;-0.04596335;0.102015032;0.057886676;-0.067873333;0.078740026;0.04283409;-0.039801798;0.081321037;0.081132273;-0.047129877;0.10687453;0.042891073;0.011668961;-0.07876846;-0.104049227;0.056227152;-0.085581344;-0.111084545;0.140792557;-0.019493388;-0.121946473;-0.075608355;0.128646136;-0.099497118;0.044513555;0.36060197;-0.193885778;-0.053331899;0.080987649;-0.251458732;0.039124515;0.080667736;0.00224911;-0.011386718;0.01647413;-0.003084463;0.055065182;0.047425575;0.055054846;-0.070999823;0.06845798;0.072992926;0.356561527;0.171384865;0.633603639;0.299589931;0.388185328;0.554443045;0.363123589;0.288454784;0.513670424;0.451037816;0.22630831;0.549274632;0.432059015;0.55497178;0.478013633;0.658434829;0.383066383;0.425904611;0.356095948;0.573383052;0.50297889;0.321680535;0.573212786;0.516880728;0.40394251;0.597353288;0.468703706;0.253871776;0.565928131;0.537939135;0.451177928;0.751730325;0.303274447;0.265718996;0.858808805;0.261862771;0.51706077;0.686309664;0.309735785;0.373780957;0.748591079;0.345088227;0.27477345;0.690758256;0.329679103;0.259269324;0.64775241;0.421840322;0.3370681;0.601593247;0.498699687;0.280298961;0.671460983;0.475014057;0.40119159;0.372538958;0.578720421;0.446629777;0.580235945;0.460549763;"love"
-0.470022704;0.532460933;2.413631269;-0.526823846;0.35215009;2.492721343;-0.669203939;0.246716625;2.435774806;-0.357052921;0.246544816;2.541031672;-0.732151375;-0.006630982;2.437155821;-0.258758961;0.077419176;2.522661;-0.74674394;-0.199860464;2.415837881;-0.21007887;2.4333E-4;2.362063925;-0.740284187;-0.28330989;2.417308582;-0.197964372;-0.013038536;2.294447672;-0.513615607;0.01536915;2.50198497;-0.504300416;-0.050691588;2.487334448;-0.56998584;-0.126480543;2.458098343;-0.430218836;-0.124427725;2.509922358;-0.627837316;-0.518880042;2.559175896;-0.421872978;-0.507335901;2.608114746;-0.642663739;-0.856061464;2.610268881;-0.412805646;-0.8525945;2.642775313;-0.671716172;-0.93532643;2.587929821;-0.371162936;-0.930280461;2.623867761;0.002868663;0.001563658;0.007002861;0.001849751;0.001220444;0.00637076;0.001628564;8.35626E-4;0.004591297;0.00124594;0.003064995;0.00509082;7.87293E-4;8.94357E-4;0.003036307;0.027261899;0.015275216;0.028038518;0.001551829;8.85491E-4;0.004689914;0.093681888;0.0682915;0.028920349;0.001559476;9.77744E-4;0.00298465;0.127206567;0.093765012;0.030759666;8.94747E-4;3.876E-4;0.006225373;7.56996E-4;4.11517E-4;0.003222043;0.001186617;5.60895E-4;0.003013134;5.63573E-4;6.58095E-4;0.002744502;7.71408E-4;0.002746203;0.001448484;2.64296E-4;3.88923E-4;0.002034557;3.03779E-4;7.91967E-4;5.69528E-4;6.46024E-4;0.001471294;7.31048E-4;0.007514579;0.004517612;0.007125468;8.37976E-4;5.69369E-4;4.81325E-4;-0.012965541;0.017665434;-0.171160881;-0.15729793;-0.043384112;-0.219906528;-0.180193647;0.01001566;-0.283306278;0.002748733;0.00381093;-0.250521362;-0.017869222;-0.033784071;-0.288629763;0.042409096;0.012715662;-0.066950626;-0.036004862;0.053667397;-0.073880297;-0.003112708;0.012420563;0.023861518;0.004598793;-0.025127095;-0.09628518;0.020305184;-0.023495648;-0.013703974;-0.093560412;0.008906855;-0.291127097;-0.204693093;0.048972036;-0.135127045;-0.206239124;-0.030123929;-0.145986047;-0.108439194;-0.0628751;-0.061737114;0.022205582;-0.338929814;0.069305368;-0.076805881;-0.137405164;-0.195366749;0.019469929;-0.018741883;0.00301865;-0.00525496;0.044155347;-0.002944601;0.145813859;0.096462802;-0.106178027;-0.080876625;0.006490016;7.81E-5;0.626404898;0.438648427;0.412362489;0.567724149;0.241366872;0.489422312;0.600718593;0.371310454;0.380850078;0.314632591;0.572218326;0.464206226;0.544256246;0.43720407;0.40426766;0.567029481;0.442539195;0.477700006;0.478220461;0.307252634;0.568518986;0.732713594;0.467467147;0.337736065;0.577119934;0.365820795;0.499235015;0.707985668;0.550624354;0.29921343;0.367374429;0.216518814;0.557655403;0.505000503;0.346227572;0.513764926;0.538066176;0.323592067;0.501623136;0.353190581;0.453687531;0.561508539;0.470845243;0.61028877;0.363204044;0.442256873;0.600306139;0.403882515;0.244492625;0.651491989;0.499935059;0.387067129;0.640052836;0.460073373;0.480980439;0.491027513;0.478789735;0.513419976;0.396808025;0.527782577;"welcome"
0.026525731;0.646146217;2.302935245;0.037046447;0.46774411;2.335739673;-0.149246564;0.389770405;2.351584276;0.214985109;0.403681513;2.338197571;-0.337151146;0.434630206;2.285168378;0.398461708;0.479281913;2.254993592;-0.347785363;0.617125285;2.161153878;0.39863677;0.648353726;2.130367316;-0.343763288;0.682694067;2.138007235;0.390448716;0.710414926;2.101793367;0.051298406;0.133790396;2.348897582;0.052876563;0.069476732;2.320600531;-0.024587468;-0.016397721;2.31115451;0.136946614;-0.007894657;2.318300102;-0.057597078;-0.509505112;2.457633592;0.145470303;-0.511044588;2.465352663;-0.057010461;-0.869376026;2.529742163;0.145218343;-0.865727331;2.554511357;-0.087265812;-0.932672526;2.494800582;0.185179619;-0.930607653;2.532718071;0.002022431;0.004077291;0.006556839;0.003511253;0.004273611;0.00398644;0.002352944;0.015002019;0.005810297;0.003600771;0.016869369;0.006225617;0.016068646;0.07983904;0.042099187;0.024631204;0.076560316;0.035691103;0.026995421;0.075754095;0.025950452;0.014024207;0.07938825;0.036491331;0.040106895;0.081670462;0.02853151;0.027298941;0.080078034;0.041268204;0.00255458;0.009022939;0.002961294;0.002348566;0.010430932;0.002321785;0.002209728;0.010631183;0.002240049;0.002343514;0.010711349;0.002548491;0.001090375;0.00207607;0.002643542;7.28949E-4;0.003080189;0.001677012;9.02782E-4;0.00289834;0.001241776;0.001503816;0.001993793;0.001626467;0.001309855;0.001930805;0.001190734;0.001257146;9.67219E-4;0.00155525;-0.016458275;0.089572302;0.061244594;0.040835636;0.07149835;0.011639666;-0.020410935;-0.016394964;0.063081963;0.028483134;-0.054977379;0.014217603;-0.002244532;-0.039766643;0.033472111;0.064796461;-0.093153883;0.060456575;0.011874257;-0.034082565;0.01337867;0.004971306;-0.116560454;0.091298748;0.039930722;-0.048046685;0.039634958;-0.031136524;-0.060905322;0.087934028;-0.073441513;-0.08103106;0.012123034;-0.067471761;-0.061575376;0.03466293;-0.063341625;-0.031867054;0.062331956;-0.049465947;-0.025051812;-0.0228345;0.038973031;-0.08517664;0.077660514;0.007100186;0.004477989;0.082557495;-0.001667785;-0.00684112;-0.025782896;0.049571544;0.003652989;0.04955316;-0.068369129;-0.091774702;-0.01874936;-0.095532746;-0.002234983;-0.099087635;0.286758767;0.54717842;0.544103479;0.436719285;0.621441491;0.450363325;0.187738154;0.829094047;0.35938488;0.367750333;0.777419958;0.350561585;0.260547587;0.719442662;0.447404341;0.420465196;0.713556232;0.376392692;0.381875174;0.799940183;0.318025204;0.225410519;0.749178052;0.416544658;0.434858191;0.787867747;0.293884378;0.371833153;0.699400252;0.413472321;0.308432111;0.824181812;0.318515891;0.307321624;0.893606654;0.207187707;0.311846402;0.885619223;0.218163904;0.340933812;0.875886564;0.225962205;0.495831731;0.616804405;0.413728696;0.368114549;0.686102042;0.429885558;0.385731803;0.695006098;0.422181777;0.432567763;0.533913158;0.505002365;0.464353845;0.621395266;0.432430267;0.513679403;0.443485806;0.500039865;"dance"
0.056324284;0.622718409;2.213836545;0.060156291;0.437649388;2.25477758;-0.10574948;0.322675348;2.261412625;0.225958138;0.32770507;2.244407966;-0.230886606;0.21838834;2.160495443;0.343319428;0.242687322;2.100851659;-0.170343533;0.231968742;2.001688341;0.253691977;0.23040341;1.963047875;-0.152888975;0.2478379;1.981373534;0.226561187;0.253882742;1.937992284;0.070550514;0.079784235;2.267138295;0.071189477;0.009996319;2.243812489;-0.00383863;-0.0667036;2.240221784;0.14956587;-0.062620581;2.238892909;-0.042651496;-0.528044861;2.380524955;0.178411765;-0.522128967;2.387721534;-0.050347571;-0.887482897;2.450930227;0.183314209;-0.888547767;2.482693216;-0.087880604;-0.947933033;2.415488102;0.222367469;-0.947085455;2.437773114;0.001902641;0.005374671;0.009146718;0.007100997;0.005655854;0.00456572;0.013181821;0.010707549;0.014301342;0.021602208;0.013435619;0.009121877;0.035843908;0.049424113;0.10329303;0.055971196;0.046323476;0.079491678;0.091317251;0.134381458;0.083533543;0.112812417;0.135859629;0.071553102;0.10264727;0.149014365;0.078216231;0.122142111;0.153854408;0.05534329;0.002282878;0.006782882;0.00422843;0.001494356;0.008847387;0.002928331;0.003187993;0.00315398;0.002743222;0.003892135;0.003669736;0.003013939;6.90297E-4;0.004152413;0.001778339;9.99507E-4;0.004075354;0.00283307;0.00152531;0.001916659;0.002902997;0.001292039;0.002089216;0.002183897;9.08908E-4;0.001109287;0.001717698;0.002803062;0.002170703;0.003333117;0.00949299;-0.02343993;-0.012301103;-0.117782288;0.089085029;0.043646771;0.062222911;-0.05997909;-0.031306652;-0.116211708;-0.025156285;-0.081666558;-0.049072752;-0.055954636;-0.008787014;-0.046448711;-0.017351621;-0.053299495;-0.031967955;-0.062787772;-0.007426476;-0.055627516;-0.032091787;-0.052046835;-0.038037242;-0.02943632;-0.011382471;0.034667028;-0.031656361;0.005227181;-0.039349014;-0.069418301;0.053667715;-0.084249249;-0.159980538;0.052182433;0.035941759;-0.067694465;0.111110734;-0.23776359;-0.043229844;-0.040130931;-2.51024E-4;-0.062907567;0.034736805;8.30093E-4;-0.0605182;-0.020429437;-0.021110471;-0.038983248;0.041398701;0.047229129;0.04631176;0.089659397;0.011121719;0.021045238;-0.057118181;-0.026877436;0.03588555;0.114724414;0.333055422;0.518413323;0.551305019;0.568041349;0.486096414;0.449239183;0.513648462;0.328954413;0.550873044;0.57818311;0.545476087;0.405507829;0.415442586;0.542222899;0.508010143;0.464526517;0.459239583;0.526111237;0.458769642;0.638041868;0.427671515;0.528355373;0.590667311;0.418811859;0.505241048;0.631697456;0.407181493;0.535492598;0.661898075;0.361496769;0.422339207;0.571333485;0.485513284;0.425296071;0.673200426;0.397400365;0.589606243;0.4484893;0.452112101;0.607767026;0.430800557;0.430816812;0.273433356;0.805755894;0.359202897;0.350334766;0.740074458;0.395923939;0.457097066;0.471685914;0.525178721;0.34011033;0.604426275;0.493361689;0.394660961;0.51970108;0.527013368;0.527583488;0.456980539;0.486143483;"home"
-0.420821788;0.711507938;2.327229851;-0.418840241;0.525461801;2.389926404;-0.59783935;0.410799161;2.366622245;-0.247427312;0.4310425;2.418827819;-0.671139236;0.207594822;2.352156904;-0.180414102;0.204333086;2.394844149;-0.532400811;0.206535266;2.186122117;-0.263445449;0.256129136;2.209350553;-0.500035734;0.186645389;2.173593755;-0.284973686;0.246289851;2.193985479;-0.394177448;0.175887943;2.399065691;-0.38912389;0.106020687;2.403784989;-0.459861113;0.022404039;2.391496979;-0.307034184;0.030518955;2.416063255;-0.479510856;-0.465184007;2.526577894;-0.270947586;-0.473452078;2.54712567;-0.534063071;-0.851673746;2.57071433;-0.199498396;-0.863988701;2.566471383;-0.591168128;-0.930072588;2.543362064;-0.14764574;-0.942811821;2.535785691;0.004077367;0.00407242;0.0062324;0.001793904;0.002104373;0.005776666;0.001891621;0.003737473;0.005611712;0.003274691;0.004223996;0.013134894;0.009456333;0.008534036;0.026546035;0.003423679;0.010546869;0.023186048;0.011731384;0.068431875;0.011246311;0.015796995;0.078210977;0.013397864;0.021679194;0.093646375;0.013524678;0.018552467;0.092664866;0.023296325;0.00144369;0.001836121;0.005955217;0.001463869;0.001963521;0.006182869;0.001189982;0.002062237;0.006182086;0.002105637;0.002382207;0.006462006;0.003174295;0.004984176;0.003140379;0.003308869;0.004946514;0.004197426;3.47527E-4;0.00181343;0.001121875;0.001135383;0.001473762;0.001029095;9.64301E-4;9.96214E-4;0.001400514;0.002238626;0.001879221;0.001910602;-0.070407269;-0.059995695;0.027968539;-0.097185971;0.125237476;0.303908557;-0.006420739;0.133382875;0.106824585;0.026406582;0.072785574;-0.04312403;0.011701007;-0.050195111;-0.172117162;-0.028136039;-0.121325243;0.019933424;0.023525479;-0.025127655;-0.01904261;-0.009303054;-0.046577321;-0.010183026;-0.015053287;-0.102950558;0.017300993;-0.009788288;-0.01849568;-0.030179694;-0.089593381;-0.042382992;0.320507117;-0.064761615;-0.044199097;0.291928069;-0.020409595;-0.024559798;0.327234818;-0.069551667;0.004667584;0.211440002;-0.201413285;-0.294693225;0.257862107;0.010172512;-0.108252949;0.062256021;-0.060722861;-0.201634453;0.065906365;0.017721095;0.089303257;0.068333116;0.030479318;0.006259565;-0.005331521;-0.048221153;0.022268496;-0.033887774;0.37551084;0.816089184;0.293263866;0.514639993;0.45923328;0.388195162;0.342014134;0.73774455;0.378757355;0.32272458;0.429211175;0.587815897;0.348079869;0.321450982;0.592531113;0.202577391;0.575613521;0.547903877;0.405265466;0.822791628;0.270268868;0.313139552;0.825352988;0.32209743;0.346179303;0.862628003;0.238467214;0.28477464;0.87292105;0.268212353;0.419701144;0.642814009;0.30191119;0.432567266;0.681366918;0.282295536;0.434493769;0.673383747;0.254477898;0.593928627;0.611343033;0.289369259;0.44299135;0.568883841;0.321076347;0.678861835;0.639070777;0.223828268;0.407709653;0.709874471;0.364346774;0.468226411;0.581432476;0.455044025;0.518836772;0.514210949;0.476763449;0.51413775;0.453090086;0.507171618;"enjoy"
-0.504860035;0.565169873;2.464353938;-0.529325657;0.386958851;2.484381177;-0.688925275;0.247365006;2.430848302;-0.366312942;0.237784695;2.493945708;-0.672943804;0.060699578;2.336777281;-0.342295979;0.058015366;2.397955802;-0.508814798;0.198989866;2.251937719;-0.467838971;0.1908244;2.231559677;-0.489986547;0.244959153;2.186403875;-0.541718103;0.226216702;2.19780949;-0.519696929;0.016236121;2.498927552;-0.511921721;-0.05653108;2.47550451;-0.584272459;-0.13246236;2.452929865;-0.433705822;-0.131113809;2.49004275;-0.642726338;-0.511228365;2.554374698;-0.435962661;-0.513768205;2.584591063;-0.666482174;-0.850962011;2.618179156;-0.438758927;-0.854327708;2.641942781;-0.689824945;-0.922892417;2.590243969;-0.396231815;-0.933516488;2.628426;0.002289603;0.008085171;0.008212268;0.003622236;0.016157907;0.032209335;0.00720388;0.012368569;0.018202839;0.002576179;0.00573773;0.015482512;0.006999736;0.009856173;0.010260591;0.007609506;0.008427937;0.014331553;0.063840525;0.06150443;0.03544801;0.022315192;0.039501292;0.029015852;0.077855487;0.06271363;0.039782219;0.010966567;0.022465811;0.053756895;0.001901571;0.011134667;0.015267132;0.001497006;0.019176013;0.005353402;0.005572099;0.015327315;0.007726947;0.003486168;0.017174159;0.009940307;6.35224E-4;0.004219015;0.002403075;3.82258E-4;0.001928611;0.001670332;6.84153E-4;0.002637551;7.17479E-4;5.92668E-4;0.001519908;0.001273489;0.001538517;0.002246272;0.00295841;0.001226693;0.001504721;0.001336673;0.069967762;0.139675589;-0.075441165;0.119583143;0.199838856;-0.145422495;-0.056941065;-0.164747385;-0.105788275;0.043175994;-0.087303482;-0.165014599;0.071790243;-0.002150218;0.029038404;-0.020356676;-0.069022526;-0.049977132;0.008140574;0.039894753;-0.011089526;-0.024577487;-0.076438525;-0.020722526;-0.005762699;0.059712485;-0.001069874;-0.036134812;-0.012053762;-0.01036111;-0.012896166;-0.039092485;0.020004231;0.05437521;-0.169999059;0.008811893;-0.005529825;-0.158583915;-0.02529691;0.013088867;-0.078452421;0.035437305;-0.04789501;-0.157227924;0.040672664;-0.042888436;-0.22409289;0.03717741;0.015617704;-0.143334905;0.072193719;-0.012896208;0.03764511;0.008808252;-0.025916157;-0.026539095;0.070444755;-0.119029591;0.065456425;-0.063539246;0.264981018;0.631392253;0.492157678;0.340858613;0.570017781;0.474774474;0.470936424;0.50775104;0.477786412;0.265584602;0.342063311;0.607170644;0.50072848;0.646389644;0.396237385;0.367900742;0.582195212;0.502439269;0.54230989;0.550371381;0.441894306;0.471043424;0.60158966;0.446261699;0.469070701;0.605395971;0.446823844;0.444333513;0.527509448;0.506009851;0.132355473;0.501988983;0.598933068;0.309793314;0.790276891;0.34395902;0.390739974;0.664726007;0.429067285;0.320833951;0.648064574;0.478341318;0.236811259;0.785180734;0.378314058;0.197859123;0.760465752;0.397881178;0.266480566;0.808959001;0.340958867;0.419838452;0.614946434;0.465453168;0.331705476;0.512815144;0.550020879;0.477620402;0.512627146;0.485674559;"study"
-0.265456299;0.656476459;2.4046638;-0.26140722;0.473984308;2.494175353;-0.428857781;0.359607542;2.523124576;-0.101357342;0.360027999;2.4879062;-0.4809497;0.097628979;2.591528624;0.044317283;0.19833362;2.370472094;-0.501306494;-0.134828661;2.580067976;0.183259944;0.301035282;2.209654882;-0.488084349;-0.233778932;2.537823235;0.198884843;0.329930756;2.190552565;-0.262408991;0.118888908;2.505076388;-0.263092815;0.047897332;2.506208576;-0.338291932;-0.02509223;2.507265753;-0.188421014;-0.026413854;2.504755671;-0.367596638;-0.483575621;2.6267834;-0.155427787;-0.503369465;2.645184541;-0.371884636;-0.861035029;2.671684082;-0.146983999;-0.871557984;2.695210847;-0.400392728;-0.936526568;2.620625447;-0.102156947;-0.934923396;2.619846647;0.032000757;0.003653229;0.005287004;0.031044482;0.001950706;0.006010717;0.031714547;0.002068847;0.004942177;0.029233131;0.003322855;0.007567354;0.032550156;0.001997232;0.002783125;0.027916968;0.015151771;0.014685179;0.028114564;0.00186323;0.008629352;0.063156409;0.072988541;0.041456932;0.025618339;0.012136689;0.009729955;0.098776504;0.057588241;0.065768457;0.028581704;8.83127E-4;0.006937508;0.027909083;8.88326E-4;0.007626946;0.027840495;9.22362E-4;0.006849822;0.027132614;0.001754101;0.009946874;0.016607206;0.004429442;0.006211621;0.007825247;0.006212723;0.016278038;0.00377024;0.001270137;0.001420011;0.004007539;0.004689148;0.00646262;0.002066983;0.001968551;0.005314757;0.003177011;0.001658912;0.005987571;-0.096769186;-0.043220423;-0.002826653;-0.094469447;0.049953696;-0.072801492;-0.13052057;-0.027320227;-0.103959666;-0.008723508;-0.081873002;-0.11339759;-0.089462365;0.016354042;-0.078344688;-0.016278462;-0.099825973;0.012620601;0.029809293;-0.020228088;0.016295744;0.041927367;-0.031431862;-0.049173963;0.043658004;-0.024741498;-0.002125007;0.078694131;-0.042462687;-0.057880355;-0.089207526;0.006170205;-0.167424453;-0.105207938;-0.036299793;-0.120916191;-0.127036689;-0.018227127;-0.118746942;-0.093376973;-0.07080897;-0.10349646;-0.020229992;0.135274898;-0.096531877;-0.039838486;-0.08827305;-0.004585899;-0.045187741;0.075938101;-0.069860309;-0.020729514;-0.024920772;-0.056082761;-0.001818693;-0.014964258;0.104290094;0.038619807;-0.034029323;-0.001770478;0.801556992;0.267773773;0.362295918;0.807695741;0.241842367;0.357038508;0.835476066;0.194001199;0.326015538;0.81742411;0.296575045;0.315493358;0.821329356;0.275707145;0.329171341;0.575332144;0.539915634;0.421251063;0.565605463;0.212895632;0.557229981;0.535728155;0.623868682;0.390003951;0.519931173;0.572459394;0.440170294;0.63027185;0.498115675;0.404884142;0.767630708;0.169190136;0.390763669;0.80315601;0.257928196;0.342334122;0.815659573;0.222372184;0.337743451;0.790232382;0.271614072;0.356566324;0.666264572;0.528052805;0.337310724;0.289296108;0.658487563;0.480241436;0.504145819;0.44594556;0.508569649;0.386990672;0.591781673;0.490254629;0.347989335;0.342114145;0.603205944;0.424520432;0.4397718;0.55307822;"come"
0.204182786;0.618758229;2.225108152;0.226000163;0.425834628;2.265265595;0.050820456;0.3344475294411218;2.317412651041123;-0.037906402971962606;0.320812481;2.228086152;-0.030850835;0.161549263;2.260215291;0.445941734;0.136729509;2.188671899;0.131532571;0.06572929;2.138463848;0.259731649;0.039268039;2.120798025;0.178755663;0.037554726;2.10487162;0.203393923;0.005788019;2.105173127;0.21309522;0.087234812;2.288822367;0.210485084;0.01956255;2.296956354;0.139369643;-0.05318513;2.314361722;0.276128999;-0.057160077;2.287333595;0.10830442;-0.507454908;2.458377835;0.341703262;-0.536507244;2.420671278;0.096342822;-0.869564194;2.530562519;0.361050229;-0.886154071;2.488419089;0.048282585;-0.92840178;2.512545835;0.397612614;-0.947430486;2.433580671;0.009263837;0.001861121;0.006495261;0.005672452;0.001770065;0.002958848;0.004243243;0.00908867;0.021276514;0.008259589;0.012887193;0.017549671;0.061946547;0.049130275;0.057975765;0.075175067;0.040118471;0.037776316;0.100670164;0.030791702;0.01818988;0.097154332;0.038089768;0.011076041;0.10801198;0.039680486;0.013222053;0.112118703;0.040041633;0.02358239;0.002737081;0.001720931;0.003288574;0.002849079;0.002064947;0.004052852;0.003720948;0.002484949;0.011375365;0.004240037;0.002968666;0.005380032;0.002167937;0.001387072;0.002106725;0.001797383;0.001801866;0.002716571;8.02438E-4;0.00131193;6.88312E-4;0.001184673;0.002132521;0.00180795;0.002605747;0.001593524;0.002737473;0.001149175;6.68457E-4;4.75924E-4;-0.169206348;-0.066839957;-0.226813832;-0.2039299;-0.130415088;-0.028285256;-0.0209085;-0.076080764;-0.120902846;0.039066767;0.025461648;0.065735305;0.031326311;-0.062619339;-0.067381021;0.130197155;-0.052123369;0.045958702;0.042280445;-0.031316547;-0.026698681;0.123109096;0.024030061;0.038198014;0.081310597;-0.045850534;-0.014588478;0.113631167;0.071059727;0.051156079;-0.051522443;-0.05849619;-0.180979938;-0.05178847;-0.022377237;-0.120631317;-0.070687537;-0.078952424;-0.094796675;0.033850963;0.091591106;0.06641573;-0.077660351;0.094627678;-0.056975131;-0.122571537;0.026036336;-0.044651299;-0.099295278;0.046939687;-0.009233246;-0.061373706;0.047261138;0.050850138;0.029325183;0.023730075;-0.073711322;0.076762008;-0.016205233;0.00447179;0.807719357;0.130241806;0.300062638;0.742897579;0.263336402;0.390492807;0.198515215;0.346490201;0.629206116;0.360240379;0.44337289;0.570031311;0.51747469;0.470947245;0.4916533;0.682156537;0.498423647;0.352999257;0.757732514;0.474914461;0.30267921;0.637631215;0.673080573;0.233107133;0.722692372;0.481597692;0.334441611;0.640331969;0.633838258;0.275600005;0.365954178;0.666494076;0.410207928;0.329941455;0.651985599;0.458547901;0.258401789;0.34461976;0.621316261;0.555439564;0.560591192;0.415819451;0.486010316;0.522988796;0.477337911;0.307448143;0.74169018;0.401627457;0.426665101;0.669690274;0.41488618;0.444257315;0.601167219;0.456671574;0.520299114;0.363877654;0.534609208;0.651381058;0.516603014;0.380610758;"baby"
-0.148463133;0.695067956;2.387382267;-0.172161858;0.515339784;2.448529911;-0.290227351;0.3344475294411218;2.317412651041123;-0.037906402971962606;0.460956684;2.494155422;-0.194172398;0.235064369;2.239787667;0.21524058;0.436799789;2.452375711;0.013096588;0.349345873;2.309310178;0.133412641;0.629565278;2.434208333;0.076166119;0.40098822;2.3198744;0.080868827;0.673693404;2.435449467;-0.14260864;0.167728276;2.460223467;-0.115717522;0.105876282;2.419940467;-0.173603038;0.02462822;2.3797388;-0.037347641;0.037549818;2.444919378;-0.221961313;-0.466481956;2.517459644;-0.016001859;-0.460512976;2.545055844;-0.222070771;-0.829976109;2.591221444;-0.012822607;-0.839527716;2.621916067;-0.274963422;-0.910593369;2.571791844;0.056518484;-0.915083071;2.610387867;0.0108731;0.005436663;0.007009032;0.005245267;0.001004598;0.002511548;0.005269985;0.001606361;0.003306653;0.006414074;0.010850207;0.0074073;0.00876709;0.002474778;0.002083934;0.008694791;0.006500616;0.006589662;0.024257885;0.017215625;0.009735892;0.035010226;0.019797061;0.011435764;0.031401352;0.020906372;0.011979108;0.044002882;0.019439403;0.013899272;0.001821096;0.003426278;0.002268605;0.00170882;0.003906303;0.001739846;0.001464724;0.003872103;0.002217589;0.001311224;0.003091173;0.001973795;0.0010956;0.001682603;9.9584E-4;6.03615E-4;0.002214883;8.23625E-4;4.0539E-4;6.7682E-4;0.001017191;4.97613E-4;0.002438829;6.46747E-4;0.00111026;0.001790382;0.002460685;0.001392385;0.00144462;0.003354683;-0.084748125;0.05533174;0.333140194;-0.142497657;0.016616191;0.235295303;-0.248356845;0.030106222;0.378206334;0.007363896;0.180282593;0.012922374;0.003310646;0.206832276;-0.151759316;0.078859494;0.005589852;0.016772563;0.023874849;0.013154803;-0.005935824;-0.101791408;0.01493387;0.057903156;0.058051299;0.033693397;0.013493226;-0.097262186;-0.013715691;0.032255756;-0.066343867;0.338128787;0.218565545;-0.082914912;0.420675398;0.112671301;-0.110332625;0.291355273;0.157139504;-0.014528237;0.381813136;0.056378934;0.105515664;-0.231871481;0.113387272;0.065489893;0.051985281;0.074884964;-0.031571596;-0.095791913;0.109955189;-0.026854436;0.059799666;0.039165116;0.079280486;0.160806176;0.036885292;-0.033670623;-0.040816922;0.109934862;0.636628973;0.37537663;0.311112979;0.604932229;0.352610073;0.419941732;0.396238709;0.509358004;0.319554537;0.401752865;0.627929064;0.44041738;0.658566074;0.473759732;0.337819085;0.579514664;0.408236113;0.483637891;0.679159024;0.52961161;0.342560415;0.722667332;0.492117561;0.312379531;0.723322748;0.468717842;0.338674264;0.722658769;0.493510467;0.315823498;0.33867789;0.646296553;0.335951282;0.253702774;0.696589232;0.326866543;0.281310485;0.632520739;0.417300542;0.338647543;0.658942554;0.369170206;0.447280009;0.644541645;0.366816546;0.363603597;0.750005476;0.363274162;0.367586116;0.562769998;0.495130896;0.37730569;0.664265818;0.439392596;0.298087494;0.459330631;0.566469101;0.435935929;0.291788699;0.580735693;"strong"
0.17226994;0.658867567;2.44849172;0.187000607;0.463203575;2.469962107;0.015556929;0.3344475294411218;2.317412651041123;-0.037906402971962606;0.353226088;2.443621627;-0.112288474;0.207301477;2.343027947;0.453318557;0.207181501;2.319105013;-0.140690243;0.303096957;2.161593653;0.445089147;0.301264352;2.12784024;-0.138044147;0.364297875;2.146317773;0.437047147;0.358053531;2.10815144;0.185116967;0.113514336;2.483407453;0.1819606;0.047615171;2.445947707;0.108217589;-0.026710814;2.442106467;0.253735217;-0.026362279;2.436662893;0.070121047;-0.481819633;2.55918408;0.298675597;-0.503311229;2.547184867;0.048055323;-0.854996919;2.664676827;0.304071427;-0.855026547;2.625109867;0.013177053;-0.90888656;2.634563707;0.339269888;-0.91497864;2.597842293;0.00372575;0.003328564;0.009437086;0.002330559;0.002754963;0.001890087;0.00256687;0.001153309;0.002700014;0.003248574;8.38057E-4;0.002241577;0.005378178;0.005853704;0.007319316;0.005382974;0.004863766;0.009469805;0.013790645;0.039091678;0.020308269;0.009369417;0.036503423;0.023816544;0.022336903;0.04216243;0.040473093;0.013135647;0.043142249;0.045692903;0.00192302;5.99883E-4;0.001459461;0.001759131;6.46837E-4;0.001885358;0.001538464;5.89395E-4;0.002391688;0.001816136;2.15369E-4;0.002237226;0.001396813;0.001832997;0.001115333;5.64941E-4;0.004035485;0.001434348;5.89719E-4;0.001420719;0.001317339;6.46791E-4;9.84988E-4;0.0017091;0.002688732;0.001978362;0.003734245;0.003084875;0.002017283;0.002582992;0.062476034;0.015717503;0.04657037;0.071845249;-0.081050237;0.089164145;-0.015952594;0.021158323;0.144849864;0.147282063;0.069764433;0.140866319;0.010014469;0.001029456;0.039896069;-0.106428729;0.030378971;0.105810862;-0.056011375;-0.065664914;-0.07626619;0.050304068;-0.084856148;-0.087456839;-0.04261387;-0.039965104;-0.080726753;0.034279139;-0.012069498;-0.079640482;0.066886626;0.038390654;-0.011434266;0.145559676;0.102860428;0.344946492;0.053628992;0.158483508;0.392245943;0.158109711;-0.008154684;0.441500798;0.040431104;0.082638569;-0.065798467;0.026383913;0.048205094;-0.038549521;-0.009613073;-0.106167577;-0.009044827;0.026511898;-0.025073826;-0.024857348;-0.04458006;-0.044763161;-0.01956796;-0.058226286;0.058157258;0.017106585;0.354083417;0.269510086;0.624449013;0.365084042;0.34223151;0.595009645;0.66086188;0.33034296;0.445746514;0.496473442;0.415922244;0.499934176;0.320665334;0.466191751;0.575758783;0.409995071;0.461559781;0.533967757;0.275103923;0.728200353;0.424963809;0.23988692;0.679093007;0.470322631;0.314168914;0.546737862;0.534879925;0.190803453;0.532160053;0.571266572;0.422857628;0.384840611;0.571525398;0.493209505;0.49862974;0.332573309;0.554886372;0.343227074;0.332068777;0.551691836;0.311085069;0.287080728;0.460372011;0.573766458;0.462591655;0.264292351;0.844601903;0.314014904;0.390530624;0.590353243;0.486709362;0.338684889;0.505789082;0.55378443;0.434282972;0.429865576;0.551488512;0.670073101;0.431405909;0.41468072;"big"
-0.36637046;0.556832955;2.435017579;-0.377683256;0.372726756;2.472731316;-0.542943988;0.3344475294411218;2.317412651041123;-0.037906402971962606;0.280653021;2.465677253;-0.711182429;0.303495597;2.3262764;-0.036281505;0.302365804;2.356383537;-0.691089373;0.414248752;2.158830758;-0.030389197;0.419098513;2.183247579;-0.681425783;0.447493099;2.106657537;-0.033571824;0.457482682;2.142040747;-0.367597579;0.036550065;2.486543842;-0.362780167;-0.025374134;2.443080358;-0.433889008;-0.100394304;2.4236616;-0.285887616;-0.097968678;2.446450189;-0.465747037;-0.501615414;2.529226695;-0.268248886;-0.511484998;2.550320568;-0.472849723;-0.853802614;2.589116663;-0.256522211;-0.857752914;2.592253768;-0.501144444;-0.928218975;2.575281842;-0.216545979;-0.934078385;2.568509979;0.005141922;0.006715257;0.012017169;0.003631635;0.00899128;0.006442633;0.005259659;0.007635632;0.003974234;0.008183804;0.005997736;0.008495855;0.038054232;0.038960343;0.04527394;0.035327416;0.04428724;0.047641811;0.099278879;0.087829264;0.034316925;0.110051082;0.09518019;0.054338616;0.123555033;0.101979675;0.027842227;0.133743464;0.106586849;0.055827931;0.001576939;0.003632864;0.004439943;0.002161836;0.003507531;0.003130716;0.002033855;0.006039903;0.003136435;0.003084352;0.005475073;0.004294866;0.001515164;0.003471204;0.002410639;0.001637446;0.005961606;0.004427722;5.56889E-4;0.00104242;9.15173E-4;6.72747E-4;0.00149311;0.001563062;0.001270176;0.002316219;0.003026404;0.001658446;0.001195978;0.001039469;-0.070437665;-0.040409742;-0.018780242;-0.121193434;0.051744304;-0.040571655;0.08191015;0.156927148;-0.024740227;-0.156768638;0.08181432;-0.042020775;0.002268641;0.004076342;-0.017721485;-0.023051007;-0.022454582;0.03500925;-0.040124987;0.002682825;0.015273946;0.022610477;0.008178966;0.007650594;-0.048364052;0.012158565;0.00593412;0.011444722;0.012026987;0.014388522;-0.071383548;0.160665947;0.009233622;-0.153461087;0.193791583;0.053230178;-0.02413569;0.250335527;-0.03106204;-0.19014728;0.218625662;0.033973151;-0.145334105;-0.032474746;0.089328832;-0.069473949;0.02694881;0.049969443;0.057729614;-0.086326725;0.052138976;-0.041269808;0.07019363;0.068190243;-0.009308581;0.052575464;0.126332586;0.08778333;-0.047109097;-0.049985025;0.297587752;0.377983103;0.612598785;0.293691308;0.435867694;0.588323581;0.459859698;0.675816087;0.379642884;0.509548914;0.564169297;0.433741226;0.453606769;0.569867554;0.478642243;0.416742505;0.583781572;0.485470141;0.654941468;0.639072332;0.273764463;0.620883133;0.645543656;0.305316752;0.695638184;0.656795512;0.189055983;0.650938074;0.65241803;0.26390814;0.277840558;0.61725165;0.499878193;0.349949776;0.754729757;0.3389669;0.441527542;0.710048014;0.334942857;0.40018731;0.666986844;0.385461525;0.358403548;0.652626536;0.445222198;0.245392063;0.72965961;0.439364503;0.43233065;0.589494805;0.468269823;0.357433024;0.619969193;0.480178042;0.33358973;0.442751564;0.568731076;0.577443398;0.485504612;0.45006953;"cloud"
-0.032431063;0.687433873;2.3650838;-0.035974324;0.500668883;2.42956095;-0.220050833;0.398447385;2.447152975;0.139579313;0.406182523;2.43501195;-0.269691188;0.13006885;2.474624525;0.283899225;0.260769268;2.37647715;-0.26508829;-0.074964334;2.43577245;0.298765923;0.208772655;2.166992675;-0.259691625;-0.149461923;2.421573;0.288588431;0.21393262;2.0559329;-0.032013113;0.15039546;2.4429957;-0.032558422;0.082652841;2.413966825;-0.113506018;1.55E-5;2.408629825;0.049774551;0.00360541;2.40791845;-0.131019448;-0.469205225;2.53743275;0.101285326;-0.472270885;2.52470875;-0.133544053;-0.837376078;2.6164754;0.122977378;-0.85170097;2.6188804;-0.179799785;-0.914415965;2.6008467;0.17789515;-0.922326413;2.590757375;0.002171546;0.001231928;0.002823238;0.002288838;0.001428782;4.57802E-4;0.001025316;5.24159E-4;0.001013442;0.002854001;0.002039583;7.92247E-4;9.05623E-4;6.14873E-4;0.002241188;0.01434768;0.023745622;0.011311947;5.09179E-4;6.52986E-4;0.003215193;0.088727968;0.041813633;0.028977311;0.002089488;0.004824485;0.004059877;0.12779567;0.048591593;0.040217304;7.12052E-4;4.30793E-4;5.81324E-4;6.85722E-4;5.00834E-4;6.50633E-4;7.22582E-4;4.24296E-4;0.001300594;8.79154E-4;6.82952E-4;8.03227E-4;6.49813E-4;0.001117735;7.82524E-4;8.9192E-4;8.54909E-4;5.8279E-4;8.01658E-4;0.00325956;9.97299E-4;8.06563E-4;0.001295556;0.001199752;0.003014702;0.003128002;0.003688242;0.001133542;0.00132745;0.002648908;0.014082841;-0.00406372;0.070050872;0.304855201;0.194077515;0.078914073;0.122903698;0.039313505;0.117662146;0.129894445;-0.152304794;0.032143784;0.105798213;0.015433292;0.127452941;-0.191205734;-0.338740361;0.019183867;0.095998432;-0.003188692;0.128722415;-0.174608792;-0.071177692;0.04230455;-0.165083954;0.139614696;0.165530595;-0.306516368;-0.049355686;0.08412123;-0.039311185;0.043941001;0.057912601;-0.184949481;0.079320299;0.042246386;-0.13210539;0.034811686;0.125705223;-0.250923925;-0.114870184;-0.177713695;-0.047634464;-0.065579798;0.056750799;0.017844867;-0.199896503;0.062697151;-0.01913874;9.28034E-4;0.039506893;0.02216455;0.015024186;0.041870971;-0.143030634;-0.063555783;0.086737582;-0.035465136;-0.015703545;-0.037058322;0.536240792;0.293872765;0.543211441;0.55562009;0.516719287;0.354908923;0.428077754;0.359644281;0.555107132;0.690367712;0.398314771;0.384630065;0.42063415;0.407411336;0.541477509;0.37454474;0.483017195;0.471609168;0.263681793;0.367745873;0.602554062;0.447045423;0.603808811;0.429992446;0.431146699;0.534926591;0.446192544;0.413902638;0.597850477;0.407580036;0.551149963;0.464692531;0.471279375;0.620534478;0.455360187;0.410332526;0.612708845;0.296259696;0.47938546;0.544209731;0.43023906;0.418446196;0.33630509;0.729458468;0.39736855;0.521852804;0.519378646;0.437550683;0.305332352;0.742636939;0.403759402;0.445081658;0.522476414;0.499473747;0.369419078;0.421385248;0.556670966;0.427505181;0.324541608;0.583913959;"child"
-0.3459718;0.667136217;2.406515118;-0.327904418;0.478688219;2.483659118;-0.499733771;0.360352735;2.516842839;-0.171874086;0.37411721;2.495772043;-0.540605245;0.096166319;2.562401097;-0.022915624;0.241292105;2.369487065;-0.567133924;-0.130922604;2.558383183;-0.046635802;0.450286086;2.236238753;-0.557534268;-0.214284672;2.507648075;-0.05358095;0.498395446;2.221641753;-0.326879587;0.130075026;2.492479903;-0.326869013;0.060307428;2.494348849;-0.402033569;-0.01629705;2.498854505;-0.251316822;-0.010853566;2.489270194;-0.433831531;-0.461936072;2.611357172;-0.208234949;-0.474254981;2.614666806;-0.437589269;-0.847870477;2.659854194;-0.201952961;-0.844405368;2.645213323;-0.467588904;-0.926542941;2.640423054;-0.178196213;-0.929714958;2.613617806;0.007417592;0.001437388;0.005355143;0.004814015;0.005534718;0.004907864;0.002495475;0.00125227;0.003902742;0.011853635;0.006561702;0.004925791;0.00276616;0.00233318;0.002910358;0.008196964;0.021518415;0.01167678;0.008580309;0.014985287;0.009978017;0.069953952;0.03517233;0.028945253;0.004806022;0.009792157;0.00764516;0.083426977;0.019192947;0.033149971;0.002719234;0.002818551;0.004190037;0.002672029;0.002661597;0.002227738;0.002662469;0.003945614;0.002869629;0.003126122;0.005866841;0.002388092;0.001171213;0.007548883;0.003123881;0.002007629;0.006439141;0.002479731;6.78444E-4;0.002599537;0.00139864;6.52861E-4;0.001679976;0.001151892;0.009288075;0.01010365;0.022749454;5.82376E-4;0.001056156;0.002532364;-0.111272964;-0.011953976;-0.125491653;-0.113249667;0.014372307;-0.043875989;-0.086273437;-0.047911638;-0.088143944;-0.142335683;0.015067013;-0.1672264;-0.210672761;0.050251238;0.027687929;0.048336172;0.052716974;-0.107821814;-0.051986593;-0.066896736;0.046963034;-0.00861371;0.128692091;-0.03656943;-0.002567005;-0.055969213;0.052797936;-0.036079031;0.05033231;0.005432;-0.141952946;0.133081459;-0.155049981;-0.164151413;0.10863457;-0.059885765;-0.141755509;0.100212561;0.0095218;-0.204377012;0.127567879;-0.0467773;-0.12292153;-0.124650122;0.027010586;-0.019712661;-0.012664283;0.03019168;0.037500563;-0.013400061;0.045783018;-0.032001211;0.017902048;5.81955E-4;0.067800107;0.078062463;-0.016974488;-0.030332941;-0.062197665;-0.12731583;0.809331426;0.307295755;0.312396406;0.686440797;0.46743614;0.375744038;0.595960273;0.461190065;0.444810868;0.573870894;0.554223814;0.371074245;0.5375313;0.543264779;0.421951382;0.425730822;0.575114274;0.473525285;0.310514054;0.687302397;0.452002253;0.590377559;0.647993397;0.317150545;0.320861983;0.686873132;0.450318895;0.741558219;0.424789978;0.356958639;0.651321197;0.519316186;0.322757935;0.660468035;0.552022003;0.317620232;0.561889779;0.630515143;0.350152043;0.576587106;0.621890981;0.321582896;0.404339834;0.751914305;0.337497502;0.411182062;0.749946393;0.357241041;0.374805849;0.605410925;0.487999895;0.341909171;0.736705761;0.405051426;0.54859329;0.341166454;0.52933541;0.284894339;0.523832976;0.545872219;"bye"
-0.382166005;0.680379715;2.492001851;-0.363969351;0.499122592;2.569818716;-0.527878943;0.356948249;2.578756459;-0.192807285;0.421138086;2.560748662;-0.566575741;0.088528077;2.617877351;-0.018023926;0.53688452;2.415827;-0.588097328;-0.126230377;2.597139757;-0.100869591;0.72778832;2.331648419;-0.571716022;-0.215493436;2.554355392;-0.155386285;0.773424081;2.308676176;-0.348704241;0.145721454;2.579418027;-0.346304526;0.075355181;2.574087311;-0.420461014;-0.006880728;2.576324;-0.265828591;0.004070037;2.568558405;-0.457721131;-0.464441904;2.674131203;-0.235141062;-0.484055789;2.670638568;-0.461223205;-0.846098961;2.714149595;-0.229348958;-0.866226815;2.685115662;-0.47219385;-0.905126149;2.648467068;-0.208999477;-0.937146464;2.644683662;0.002577358;9.9605E-4;0.004020622;6.95881E-4;0.001188373;0.00273162;8.49888E-4;0.00180636;0.003642842;0.00177766;0.002179831;0.001825604;5.24904E-4;0.001728538;0.003036681;0.005034342;0.008134173;0.005242397;0.002148934;0.008242548;0.007666029;0.014003829;0.019921305;0.01170974;0.002000611;0.006351755;0.005146702;0.030854605;0.019639043;0.012630524;3.73935E-4;3.76385E-4;0.003242765;5.17899E-4;3.97705E-4;0.001940773;6.62287E-4;5.10012E-4;0.002493352;5.19471E-4;4.64354E-4;0.001596875;4.5428E-4;0.001688723;9.46242E-4;6.82878E-4;0.001198412;0.001041138;5.07166E-4;0.002595631;9.63122E-4;7.22592E-4;0.001915709;0.001249976;0.008561818;0.0149374;0.028932057;0.001273497;0.001491174;0.003775802;-0.053022839;-0.077862762;-0.033323962;0.07920817;-0.014330375;-0.035560934;0.002044742;0.057498582;-0.051123831;0.076225747;0.124962997;0.108450182;0.067554762;-0.031952556;-0.259599007;-0.165046699;0.070799281;0.148655663;-0.019868545;-0.194516873;-0.067188467;-0.078572439;0.107755133;0.028403608;0.054799661;-0.155002201;-0.110085398;-0.029760642;-0.007240082;0.038210191;0.088486139;0.026377779;-0.205911504;0.077221096;0.108218571;0.073498411;0.00481238;0.0763508;0.02389949;0.105184784;0.121087025;0.163824614;0.009183691;-0.248726732;0.096911591;-0.104396904;-0.072361964;0.004769782;0.044636623;-0.004137783;-0.014354192;-0.007955092;0.04905613;-0.042151856;0.080304509;-0.065757103;-0.024657195;-0.016123462;-0.05512289;-0.123733096;0.566057628;0.47136823;0.464997383;0.44339277;0.6107516;0.451417128;0.416839007;0.626894948;0.453263071;0.604466364;0.554043029;0.366328655;0.280341426;0.685985526;0.383955182;0.402403669;0.694582433;0.363614273;0.2637828;0.697361542;0.43732101;0.645060775;0.560070601;0.344132846;0.348324493;0.68579174;0.413939943;0.672365207;0.5050233;0.370989799;0.328736066;0.387683452;0.562731024;0.383906696;0.463329246;0.545607241;0.484598034;0.483728956;0.505164139;0.489248205;0.303995373;0.535739559;0.265729453;0.736782111;0.38144618;0.45237732;0.675293457;0.393212892;0.272441676;0.778586659;0.38950283;0.278803769;0.719572173;0.438565765;0.303050716;0.648773562;0.480313181;0.301050595;0.414601483;0.587108435;"afternoon"
-0.540551903;0.537779594;2.404474844;-0.563678481;0.358673501;2.464794914;-0.711511173;0.2534696;2.42157107;-0.413189295;0.262925472;2.473820758;-0.815443356;0.185205682;2.294186602;-0.284113486;0.184489401;2.361354938;-0.71656213;0.308130257;2.189453906;-0.33844403;0.315960578;2.225114164;-0.699327559;0.338110702;2.179487969;-0.347808241;0.34988903;2.202158484;-0.554469695;0.027583655;2.479088594;-0.544252953;-0.032927272;2.436177164;-0.608862416;-0.103159063;2.411637945;-0.472804304;-0.100063184;2.446142875;-0.655775175;-0.507074708;2.518946656;-0.470208957;-0.520727121;2.557169094;-0.673124717;-0.861493388;2.578393742;-0.463855079;-0.858079178;2.593837844;-0.70159298;-0.934405652;2.554827234;-0.4233594;-0.934697214;2.571367;0.004829057;0.004513986;0.008398294;0.002809909;0.003379299;0.004344195;0.005682582;0.013663527;0.004097856;0.004460163;0.016637275;0.013151029;0.029364892;0.097775756;0.063477993;0.020095597;0.099338452;0.054373094;0.027135257;0.172525928;0.025671218;0.017615336;0.162876755;0.015160045;0.024453474;0.198251371;0.021700997;0.015499276;0.182415004;0.018598833;0.001350346;0.010049369;0.003897598;0.001116082;0.012012363;0.002452993;0.002163731;0.013039889;0.00291925;0.001700417;0.012571811;0.002421454;0.001505301;0.010652972;0.003723244;8.11134E-4;0.008366274;0.002383979;4.7365E-4;0.001906691;0.001608441;7.82651E-4;0.001303718;0.001537578;8.50734E-4;0.001142753;0.001912975;6.06851E-4;6.7075E-4;0.001466304;-0.044661903;0.024342566;0.276481318;0.030914869;0.073162686;0.24166351;0.113759599;-0.097123405;-0.124106684;-0.062644834;0.200687109;-0.093589882;-0.023914225;0.346249383;-0.026488177;0.10603294;0.318187951;-0.089800423;-0.169410162;0.364574209;0.039212456;0.080856788;0.411398883;0.020673511;-0.112138661;0.478320927;0.050537185;0.064968576;0.414670101;0.037721019;0.004694505;-0.178979314;0.100536479;-0.010834488;-0.227265091;0.062800371;0.004063659;-0.125017064;0.116406116;-0.021215911;-0.126926313;-0.033343395;-0.066463153;-0.062460859;-0.027139149;0.015064518;0.262766267;-0.053315413;0.012427042;-0.018189154;0.252226589;0.013409071;0.002831796;-0.049719868;-0.160648748;-0.075094941;0.008638276;-0.060561216;0.076083458;-0.022532607;0.464584742;0.50348047;0.427842934;0.51245736;0.485757796;0.4298095;0.434381927;0.720266727;0.339894318;0.405441953;0.649077894;0.414871609;0.402315954;0.613994263;0.406482209;0.420654218;0.575039228;0.421235323;0.476352798;0.613545414;0.333758793;0.335985269;0.669043427;0.356081626;0.372768181;0.664981464;0.285091895;0.261855028;0.680219598;0.374454054;0.336765156;0.7497752;0.363228566;0.350729621;0.845752502;0.216440662;0.418264288;0.786173255;0.279311161;0.443692671;0.780853447;0.288616371;0.286646287;0.80024163;0.36035007;0.214867209;0.818337924;0.316806542;0.264292745;0.507619939;0.517624315;0.355524141;0.521943538;0.542278135;0.390801971;0.375287544;0.577370661;0.464685804;0.524213491;0.495398354;"rain"
-0.44654317;0.532018478;2.375838293;-0.481070151;0.350264099;2.456365037;-0.630553816;0.246501502;2.419553073;-0.326264651;0.251831726;2.432403293;-0.697379634;-0.009955359;2.423839598;-0.194158126;0.20115529;2.243880695;-0.715526196;-0.205727168;2.396322;-0.256336644;0.357283145;2.141964195;-0.703404605;-0.285432724;2.393698744;-0.281732182;0.402060899;2.107406817;-0.467414402;0.006059533;2.471161098;-0.462769007;-0.05776787;2.428692549;-0.53033735;-0.129427115;2.413407415;-0.38902437;-0.123069193;2.430241378;-0.586071309;-0.523922027;2.507491439;-0.374403801;-0.509054995;2.544103427;-0.608839933;-0.867730849;2.547980476;-0.36776205;-0.845618248;2.59456039;-0.62602506;-0.935360372;2.519592378;-0.3331366;-0.929101144;2.571444683;0.003991244;0.004282521;0.00837996;0.002610464;0.001329291;0.002458628;0.002194354;7.64076E-4;0.002190201;0.002951806;0.005694469;0.006119531;0.001041487;9.49664E-4;0.002010062;0.006640259;0.018224226;0.011832574;0.002670515;8.88585E-4;0.005122999;0.041350836;0.043551403;0.065471937;0.001965334;5.08527E-4;0.003958038;0.050233701;0.065288795;0.062320622;0.001137491;5.78164E-4;0.002179623;5.74802E-4;8.22E-4;0.001588459;7.14314E-4;9.32748E-4;0.001396619;4.38574E-4;0.001974008;0.001953937;5.82755E-4;0.001672944;8.06169E-4;4.79798E-4;0.00468793;0.003018679;3.31396E-4;9.26126E-4;9.32342E-4;4.38839E-4;0.00131841;6.72577E-4;0.007773237;0.008774496;0.019945246;0.001435892;0.001143452;0.001290824;0.019972773;-0.101603314;-0.016202461;-0.030794092;-0.036420512;0.085344162;-0.061238728;-0.125360962;0.104855812;0.001842711;0.113919258;0.00892806;-0.086078166;-0.119414843;0.118790299;0.008430518;-0.04764549;-0.011790656;0.0103763;-0.02201165;0.034823758;-0.00579238;-0.066254053;-0.025879291;-0.02574409;-0.086652125;0.007215845;0.01578326;-0.052335052;-0.015368524;-0.034053379;0.053925559;0.023899185;0.054279219;0.165105363;0.074284282;0.157160518;0.19263767;0.070962627;-0.020945507;0.21527902;0.033774185;-0.105727946;0.104822656;0.095616183;-0.008060977;-0.017368186;0.048084146;0.032165148;0.075611524;-0.01920277;-0.049278122;0.067990801;0.002135993;0.078052608;0.017072362;-2.46052E-4;0.103006633;-0.026757178;-0.03281222;0.374679821;0.466395316;0.556038993;0.63161794;0.465347771;0.421375512;0.646012948;0.444520807;0.406666951;0.375081007;0.46768387;0.554498745;0.473560118;0.655711432;0.376118387;0.329910993;0.536656487;0.542292048;0.446753892;0.377422741;0.566816784;0.398973205;0.431459264;0.564129345;0.497225505;0.374390993;0.54400131;0.393139776;0.564532007;0.505418578;0.632746252;0.300220573;0.495923304;0.474819573;0.500850927;0.484560396;0.545562038;0.554442457;0.393600335;0.40206332;0.577713546;0.470412352;0.443664048;0.737890482;0.320455673;0.228253122;0.830891895;0.346497528;0.323781209;0.623972579;0.49289787;0.328760982;0.7123842;0.427160344;0.347525887;0.324493775;0.614459624;0.620061175;0.476504233;0.425720662;"hello"
-0.366876865;0.686771404;2.498896407;-0.350218422;0.496138987;2.550609868;-0.492734815;0.38119863;2.508629846;-0.205887468;0.410728033;2.519485791;-0.511858353;0.244066957;2.300330637;-0.145995934;0.299891695;2.264877077;-0.272847309;0.259208126;2.233574011;-0.305069765;0.389750237;2.208563022;-0.204178612;0.270817953;2.223381901;-0.35600649;0.431845356;2.193962659;-0.340956987;0.131991566;2.565086879;-0.337774658;0.062105517;2.533005044;-0.4015334;-0.004832074;2.52595844;-0.269766743;-7.15412E-4;2.530714231;-0.445269524;-0.464649787;2.636961099;-0.237855299;-0.480015127;2.654853396;-0.450106257;-0.838550334;2.678893758;-0.234945222;-0.850855248;2.685223407;-0.44788619;-0.887655495;2.595853374;-0.203781733;-0.92601049;2.645731286;0.004933779;0.006220237;0.006275967;0.004039832;0.00303817;0.007123581;0.004891388;0.009998907;0.008279636;0.021279616;0.017407249;0.00980611;0.017082035;0.013729616;0.016221232;0.017702636;0.024793689;0.010746989;0.038674548;0.030670677;0.020699337;0.127486122;0.131000707;0.029833252;0.052990885;0.04884137;0.040301638;0.160020704;0.160961342;0.037778326;0.003062304;0.009245363;0.007095971;0.00247343;0.011607482;0.004789093;0.003145837;0.008977795;0.004857676;0.004982241;0.008279993;0.005114727;0.001457159;0.004460422;0.002798102;0.001297109;0.002747238;0.002821683;4.91273E-4;9.73847E-4;0.001142648;7.68698E-4;0.004364918;0.001217391;0.004550488;9.92084E-4;0.00116682;0.001256266;0.001984155;0.002267616;-0.017288977;0.106425827;0.048478165;-0.007576787;0.246893387;0.061959261;0.145503979;-0.067754199;0.120140913;0.040589253;-0.017698833;0.124399374;0.017043867;0.056660438;0.092794451;0.139947192;0.181131669;0.097936961;0.081575876;0.133418362;0.006433753;0.170291628;0.24255449;0.043120885;0.035664728;0.111567221;-0.058812513;0.200100766;0.219126113;0.026708878;-0.095047875;-0.04272494;0.088780311;-0.084836684;-0.032352417;0.073964638;0.037014836;-0.014954342;0.046404331;-0.085885241;-0.02665959;0.08545218;-0.110617084;-0.180489697;0.155461336;0.005059968;0.231514014;0.073594506;-0.066735754;-0.056748955;0.048586487;-0.013366151;0.099309449;-0.021235103;-0.051211468;-0.046242476;0.003838091;0.007328264;0.015365948;0.039878894;0.607601977;0.554666309;0.38441318;0.541626231;0.570465463;0.387713926;0.522831541;0.528838041;0.436250891;0.500861825;0.59008521;0.422225616;0.628723096;0.471240729;0.418673837;0.519213729;0.639553337;0.344894929;0.755430681;0.479570397;0.285845323;0.706770724;0.469874393;0.296659836;0.727317182;0.459259909;0.337722224;0.652148099;0.557628963;0.284749125;0.449680434;0.76502871;0.295371163;0.464369103;0.819183946;0.203456676;0.471649882;0.785716973;0.267505235;0.563434605;0.730073085;0.240291847;0.350164568;0.737043252;0.338272667;0.370957342;0.728904939;0.356934377;0.33928201;0.611462359;0.49363816;0.267993734;0.819964071;0.341806014;0.699856054;0.465231939;0.372696905;0.356145687;0.534045212;0.535413775;"day"
-0.104670399;0.692168629;2.37176146;-0.107210362;0.51059954;2.416045127;-0.288718494;0.385164178;2.423063222;0.068979204;0.412829694;2.406801397;-0.324422925;0.118395805;2.440941587;0.222011917;0.260966921;2.315538238;-0.317581216;-0.087688593;2.407289492;0.23086815;0.247122879;2.109286413;-0.308177405;-0.186395552;2.389672603;0.224200653;0.26509873;2.019264968;-0.092139675;0.150918708;2.430143254;-0.091164071;0.081842414;2.396831159;-0.168308711;-0.003696783;2.391001238;-0.007987963;0.006219461;2.390040063;-0.19488567;-0.472014068;2.51579;0.037617054;-0.466032402;2.520001492;-0.194395667;-0.839073441;2.595506667;0.048438259;-0.84670544;2.619835857;-0.250673646;-0.921241097;2.567465937;0.104179213;-0.916398556;2.593278476;0.007285954;0.001269408;0.003327969;0.003906262;0.001629039;0.001488789;0.004290173;0.002833064;0.001907716;0.004704077;0.002831074;0.002808332;0.002923157;0.002618016;0.004443423;0.023099526;0.026269022;0.037625007;0.0023557;0.002558557;0.004023944;0.101802337;0.056144584;0.0466938;0.00289738;0.002526837;0.005178819;0.142482821;0.075607296;0.03004058;0.002107862;8.98367E-4;0.002402224;0.00175599;8.70174E-4;0.002090192;0.001618799;9.84245E-4;0.002115386;0.001739404;6.05365E-4;0.002924819;7.42312E-4;0.001060738;0.001566676;7.406E-4;8.44989E-4;0.001191015;6.5377E-4;0.002599799;0.001127158;6.33477E-4;0.001157358;0.001355393;0.001834314;0.001541694;0.002081515;7.25928E-4;5.9094E-4;0.001332683;0.258806123;-0.011827702;0.072462706;0.023802706;0.058357444;-0.026241407;0.050506897;0.178371848;0.074671118;-0.132934312;0.237656831;0.154804536;-0.071835639;0.111332761;0.097409644;-0.117801072;-0.128058144;-0.057344862;-0.088868206;0.074689865;0.11868376;-0.215534386;0.012026044;-0.03745696;-0.098054716;0.073631579;0.072129693;-0.174244202;0.034261021;0.021419432;-0.217318733;0.146625985;0.091466669;-0.141613538;0.081105945;0.209728347;-0.144269319;0.204145607;0.096886493;-0.170938589;0.093050196;0.22698581;-0.075479681;-0.068860693;0.019609601;-0.066364099;-0.01463467;-0.025425846;-0.035040684;-0.081049217;0.020325031;0.001166998;-0.069850918;-0.016842804;-0.039211209;-0.013857137;0.054667795;-0.04824546;0.052448895;0.033534693;0.759777431;0.24869978;0.364611766;0.646673108;0.442143372;0.427058798;0.573532532;0.485590974;0.431786763;0.52706014;0.507002548;0.40309847;0.417064688;0.432018314;0.541371561;0.327208803;0.413101895;0.578232195;0.433751744;0.553718831;0.472655427;0.520301205;0.496766651;0.456167681;0.344411341;0.486904429;0.548782197;0.610010348;0.614494904;0.317158072;0.525533701;0.40362383;0.478505913;0.537714633;0.363459317;0.47232313;0.531759611;0.423123549;0.468772547;0.466703737;0.246729024;0.530088183;0.343966374;0.701221204;0.425710054;0.412355159;0.612059468;0.46540882;0.256566908;0.702356187;0.456058141;0.43486012;0.473330936;0.531596524;0.550134021;0.497339307;0.461544237;0.474166101;0.334805735;0.565462972;"daily"
0.00143874;0.631285093;2.311299436;0.026249607;0.442328584;2.346220036;-0.144573138;0.328781704;2.396560364;0.153798285;0.341038878;2.282314509;-0.200954956;0.079506667;2.447212291;0.229213551;0.255973638;2.065972345;-0.241489965;-0.136385682;2.434103182;0.216648451;0.180229353;1.8541474;-0.238501656;-0.21954698;2.424939327;0.20569478;0.159256029;1.762850764;0.023402095;0.074174764;2.358040582;0.008276285;0.004045415;2.325746655;-0.062647935;-0.066119854;2.334138891;0.073867602;-0.062192065;2.306876673;-0.096725344;-0.525484378;2.496911655;0.153575545;-0.528522649;2.427076545;-0.126816489;-0.870670991;2.573908455;0.179916189;-0.87921254;2.481604764;-0.174700727;-0.926631453;2.561096109;0.215159191;-0.947163553;2.435584036;0.004261548;0.001608048;0.007847256;0.003564572;0.001812203;0.004477381;0.002312029;6.04506E-4;0.003373114;0.004032353;8.99646E-4;0.004550314;0.002256636;0.001013085;0.004181659;0.013803248;0.036666744;0.020326144;0.003246331;0.004314585;0.007840659;0.022752418;0.088255883;0.035481548;0.002330819;0.002522299;0.00579241;0.01936343;0.127823476;0.029632516;0.002146779;7.2593E-4;0.003851381;0.002515539;7.73179E-4;0.001611995;0.002145604;5.38082E-4;0.001113175;0.002563744;5.53986E-4;0.001866516;0.0021832;0.010090916;0.003888102;0.001257824;0.001588248;0.001278662;8.00126E-4;0.001134701;0.001309808;0.001460446;9.76195E-4;0.00135841;0.003090571;0.001388902;0.004721534;8.21512E-4;4.39051E-4;0.001868175;-0.171976827;-0.032994275;-0.043143967;0.005069125;0.064093632;0.069947388;-0.158706683;-0.058629329;0.025140383;-0.030933517;0.005185469;0.05883387;-0.124694053;0.058236318;-0.019292064;0.056032513;-0.060992283;-0.055279722;-0.072040443;-0.105394716;0.103517749;0.020464076;-0.060644801;0.038859095;-0.050409215;0.079426301;0.154676502;0.012295337;-0.055003252;-0.032940802;-0.11195812;0.021417954;0.103276931;-0.285135935;0.06358035;-0.055636539;-0.393442993;0.058813171;-0.107432208;-0.200497094;0.116808295;-0.018005116;-0.085151186;0.393280225;-0.174822162;-0.080691078;-0.029710758;-0.012338814;0.074489956;0.052294564;-0.06610249;-0.113761494;-0.06859777;0.03615028;0.087399411;0.051216794;-0.087567773;-0.085458913;-0.044299868;0.088166169;0.393032617;0.31522919;0.588478182;0.497270775;0.390102648;0.532844471;0.422838065;0.355319665;0.568328512;0.521963255;0.368302324;0.531665403;0.480959348;0.465627715;0.506607071;0.357748434;0.730476684;0.391592739;0.287956343;0.563786184;0.520710738;0.275715784;0.795348893;0.364440673;0.32150096;0.449526657;0.556010408;0.176294786;0.867726506;0.309843995;0.413689276;0.303157325;0.584584059;0.432597302;0.543714504;0.450269184;0.327792837;0.508540951;0.4640698;0.471984584;0.359825828;0.535600911;0.240256954;0.658643545;0.362471134;0.433492771;0.702329389;0.382399069;0.428093442;0.605129996;0.455355569;0.422895135;0.609418917;0.453107906;0.46519367;0.375083253;0.546953746;0.465388602;0.451923416;0.517391738;"yes"
0.08010085;0.635055876;2.317043736;0.092715798;0.444270511;2.358410819;-0.083531907;0.350986479;2.403739958;0.239410271;0.338972711;2.332470639;-0.237126013;0.204175807;2.390161319;0.262383533;0.15810444;2.261835028;-0.293934819;0.260658961;2.261242222;0.16571768;0.238711442;2.14776075;-0.322593763;0.297302794;2.244372208;0.128310438;0.281123796;2.130723181;0.077485819;0.092813135;2.369999292;0.069365284;0.023910194;2.352518639;-0.007327772;-0.048578733;2.358467556;0.137704868;-0.050330321;2.340048139;-0.056721568;-0.494503606;2.503469042;0.194762021;-0.514250899;2.463178958;-0.111913278;-0.858916775;2.600942292;0.216290346;-0.872467403;2.518963764;-0.161320265;-0.921485088;2.565477125;0.248553278;-0.938373265;2.478613153;0.004588498;0.001386912;0.004759545;0.003297331;0.001257785;0.002336336;0.007714243;0.004718756;0.011215788;0.005628488;0.00349935;0.018012656;0.045738418;0.027569168;0.052085244;0.059537318;0.019076372;0.066031363;0.16831671;0.028683167;0.091578584;0.153398061;0.029994315;0.030458162;0.204569561;0.039175393;0.099280544;0.182716115;0.030633867;0.03915289;0.002985664;0.00148356;0.002636647;0.002565384;0.00175935;0.003105624;0.003910049;0.001537031;0.004842853;0.001990312;0.001004678;0.004252564;0.003401056;0.004898322;0.004334956;0.001997955;0.002189456;0.004768306;0.001782378;0.002326636;0.002868712;5.35805E-4;0.001197038;5.69267E-4;0.007635419;0.004367625;0.00579172;0.003110229;0.002993573;0.00585989;0.038154671;-0.00976976;0.026339518;-8.12582E-4;-0.003022625;0.020178591;0.069864092;0.150885062;0.055807283;0.055341666;0.03037124;-0.068237919;-0.03707927;0.041925939;-0.092286632;0.058533404;0.028396211;-0.094622918;-0.035740488;0.007604971;-0.032056121;0.005928313;0.010272268;0.010366209;-0.037254878;-0.010197671;-0.037665131;-0.062791343;-0.004967961;-0.036943645;0.083876871;0.02547493;0.083182046;0.081841257;-0.015946436;0.001673295;0.06800859;0.057923647;0.06566808;-0.049272305;0.03832965;-0.038826077;0.02752959;-0.263999046;0.077055563;0.109312519;0.102042406;-0.068154844;0.079435936;0.070415873;0.051328932;-0.013089142;-0.034504235;0.020218018;0.072287319;0.058106858;-0.029070749;0.039944681;-0.034537125;-0.048311822;0.710924738;0.205432264;0.466539889;0.672587311;0.372405919;0.443858017;0.467356192;0.469636068;0.50625207;0.439230598;0.310452522;0.584433902;0.593224058;0.417571806;0.468606532;0.571045946;0.284238326;0.527531645;0.646750786;0.223961784;0.506967392;0.778289811;0.251639533;0.397804864;0.730171459;0.200761612;0.451702165;0.748633088;0.289083778;0.409330635;0.680578507;0.430295932;0.397333521;0.62727019;0.557757954;0.370336191;0.592478273;0.256245056;0.525540045;0.511854625;0.332489702;0.550618622;0.459487781;0.666323028;0.351647582;0.436008726;0.641614318;0.419550415;0.45923053;0.625421175;0.428427624;0.412386816;0.76725934;0.335377109;0.580908787;0.38875246;0.493403972;0.415986432;0.395631603;0.569554625;"go"
0.117702199;0.623215938;2.207231197;0.1316536;0.433473366;2.207296936;-0.02403529;0.329212243;2.210741516;0.273645056;0.33349346;2.186507734;-0.097213663;0.182137006;2.127221101;0.309972219;0.179940847;2.086726793;-0.062428013;0.175318231;1.994962027;0.227312898;0.190678831;1.973625521;-0.046070931;0.202084183;1.966898468;0.188685655;0.213698509;1.964864835;0.125662644;0.084203087;2.217541165;0.121981518;0.01900733;2.184083293;0.055351914;-0.054825027;2.183363612;0.18519525;-0.053211292;2.171416027;0.006050729;-0.53665687;2.323408867;0.259032127;-0.527068641;2.284706867;-0.026703012;-0.892677219;2.410768995;0.289560115;-0.888379742;2.343430527;-0.092915412;-0.95419463;2.391095931;0.32281229;-0.94686658;2.318136239;0.037496293;0.003277063;0.015158469;0.024985163;0.00714405;0.013826938;0.052638653;0.009490802;0.08814796;0.06337911;0.006762061;0.06718855;0.180228243;0.022941002;0.162730139;0.195121318;0.022444658;0.100521984;0.322800893;0.045781315;0.139826056;0.313936137;0.045408247;0.054881864;0.360459603;0.047524487;0.13230702;0.342815525;0.035496462;0.075766551;0.026674551;0.006628983;0.012236637;0.046109976;0.006552924;0.010768765;0.048442227;0.007123191;0.036590683;0.053251962;0.005779502;0.01890901;0.020083199;0.005962387;0.01446321;0.019403425;0.010686861;0.005138295;0.002463235;0.003545912;0.004759342;0.00456587;0.003397419;0.003785162;0.001712803;0.001032407;0.001498982;0.003231559;0.004724978;0.007316007;0.075612674;-0.047396224;0.085456454;0.069622624;-0.051125008;0.055594054;-0.02956183;-0.002389286;-0.051700029;0.118009059;0.012163904;0.089009651;5.99028E-4;-0.005432303;-0.100914193;0.105484266;-0.034239721;-0.038641368;0.053091981;-0.033232658;-0.067340447;0.081908704;-9.5937E-4;-0.024255113;0.090287677;-0.041078554;-0.065528181;0.055635937;-0.036506495;-0.037928315;0.080794569;-0.052424123;0.095301232;0.079470703;-0.041607657;0.028975075;0.045528889;-0.025934235;-0.051205197;0.112712203;-0.026595374;0.015975461;0.081101415;-0.006486708;0.008540133;0.152249713;0.139019971;0.060866437;-0.027718063;-0.071128873;0.002330421;0.057596082;0.059647892;0.003767693;-0.127878587;-0.047597708;0.051808091;-0.028416687;-0.058390875;0.025919782;0.797049044;0.190505631;0.387545385;0.671467905;0.296343483;0.470238435;0.494564134;0.26192438;0.581031693;0.575926436;0.263244388;0.530840846;0.717442456;0.263920846;0.441456806;0.789596801;0.274829369;0.374359971;0.73289859;0.262048705;0.433463044;0.778445162;0.366162943;0.351191888;0.723098887;0.268274082;0.436625517;0.724687157;0.264368426;0.442857768;0.64288959;0.382388061;0.451407416;0.825631509;0.38034918;0.281550714;0.640548144;0.255149557;0.505577418;0.768686137;0.246203477;0.405685619;0.612760289;0.450452224;0.452475671;0.706020167;0.463010589;0.340313253;0.392601421;0.532782052;0.524780966;0.490589513;0.479244396;0.508605277;0.593557133;0.384472591;0.484978485;0.447480799;0.433480842;0.548141082;"wind"
-0.447733152;0.708662137;2.322127038;-0.449487546;0.524205181;2.387787709;-0.618758789;0.392821062;2.364914203;-0.273999271;0.425669892;2.413539076;-0.658169371;0.134296237;2.390962354;-0.185394513;0.211368495;2.399068076;-0.647008891;-0.098796199;2.378389544;-0.36274141;0.207961992;2.24752462;-0.630500401;-0.193881499;2.369981911;-0.431216781;0.217893208;2.204214;-0.424032775;0.167580641;2.407035949;-0.418968834;0.096229231;2.414282785;-0.488882254;0.013033065;2.408360797;-0.338089099;0.023193859;2.425060848;-0.494989125;-0.46933071;2.53406057;-0.29451568;-0.503733885;2.558102684;-0.540287427;-0.858553284;2.577404848;-0.213658434;-0.868518741;2.571385228;-0.597206196;-0.933138461;2.547532797;-0.176020305;-0.939174365;2.54375581;0.001217722;0.002428904;0.002971005;9.60354E-4;6.70384E-4;8.42418E-4;8.62849E-4;0.001045976;0.001201384;8.02362E-4;0.001822018;0.001163649;8.06848E-4;0.001138983;8.72405E-4;0.006647077;0.006972284;0.01005299;0.001692755;0.001587371;0.002239233;0.025732344;0.027332972;0.013970346;0.001671392;0.001617744;0.002257768;0.031194479;0.027525238;0.019812624;3.45348E-4;7.51239E-4;0.00123464;4.70321E-4;8.20577E-4;0.001355641;4.49434E-4;0.001027991;0.001471417;8.65034E-4;8.18712E-4;0.001639522;0.002224817;0.001283887;0.001333595;0.004187004;0.016685441;0.003902346;5.92668E-4;0.001195728;4.29493E-4;0.001010826;0.002588098;0.001363617;0.001515319;0.001326318;0.001914649;0.004658405;0.00452973;0.00937652;-0.024188195;0.077292427;0.015105948;-0.21324118;-0.060207669;-0.034455094;-0.07764075;-0.060317775;-0.086192836;-0.008651506;-0.068739991;-0.104789957;-0.017736;-0.023390052;-0.051735253;-0.038384439;0.00904376;-0.023766936;-0.037928924;0.055447504;-0.068061368;-0.058675542;-0.035938033;-0.047592902;0.009547413;0.007816982;-0.019048208;-0.039961824;-0.025491992;-0.015462583;0.078280643;0.038088506;-0.260195295;0.101805197;0.044878116;-0.269670118;0.132840179;-0.065241873;-0.24634787;0.075193614;0.041619091;-0.215563507;0.062480624;-0.043252665;-0.053545081;-0.058637652;-0.078268161;0.009521721;0.043135967;0.190937277;0.041118469;0.046336056;0.193292423;-0.013153134;-0.106746299;-0.013318279;0.141470998;0.027388138;-0.033292491;-0.06917034;0.467519005;0.653573047;0.408865643;0.602784259;0.495957475;0.40356279;0.578000625;0.417507856;0.476415158;0.536205809;0.588938195;0.403552731;0.325310826;0.731543757;0.412250941;0.37703714;0.493154583;0.547312401;0.508856331;0.475864305;0.493884358;0.467058324;0.651134553;0.409680666;0.429774808;0.478547411;0.535059013;0.505772261;0.625816091;0.41046816;0.439788398;0.663015249;0.323544089;0.405904559;0.695039129;0.29957965;0.428174804;0.60513975;0.382450817;0.527401073;0.658504361;0.294781232;0.811100889;0.424181234;0.262401215;0.35698479;0.862295304;0.230561929;0.445519926;0.604241541;0.436663385;0.405365378;0.718185037;0.365173033;0.457388264;0.47793941;0.498641959;0.318385853;0.534589897;0.542424879;"sorry"
-0.40856269;0.717588013;2.403631605;-0.421718666;0.530815941;2.467349651;-0.590187392;0.406860252;2.4388965;-0.246872433;0.425592662;2.4948435;-0.647032815;0.14202305;2.482727826;-0.143619953;0.222151681;2.416240465;-0.649346462;-0.105013045;2.485388093;-0.116490951;0.281367008;2.196316465;-0.63120765;-0.19360167;2.469032779;-0.101254437;0.322535124;2.175834174;-0.398460316;0.168170827;2.477166058;-0.393693772;0.095678295;2.4816195;-0.466597207;0.013780396;2.47046336;-0.31092468;0.021046966;2.492568802;-0.46672355;-0.46867851;2.605208616;-0.263269538;-0.4838591;2.621836012;-0.513995526;-0.846956027;2.645867;-0.200159367;-0.860754129;2.633600244;-0.56934227;-0.916707172;2.629002256;-0.152014466;-0.935868093;2.600015047;0.004912597;0.005873449;0.003606993;0.002325938;6.68861E-4;0.002591612;0.003673924;6.85306E-4;0.004887731;0.011376384;0.00751073;0.007172508;0.001307672;0.001384931;0.004952749;0.010928621;0.007733568;0.011146677;0.002162086;0.004007737;0.00766821;0.135786539;0.024625584;0.021024983;0.001918746;0.001988969;0.008403264;0.169075545;0.027401919;0.023554881;0.001918613;0.001578746;0.003348541;0.001990687;0.002049793;0.003267468;0.002765352;7.81521E-4;0.003952087;0.001482626;0.001314788;0.002836317;0.00114397;9.5345E-4;0.002043064;0.002301052;0.006969493;0.00345645;9.33063E-4;0.002528177;0.003255695;9.9117E-4;0.003096138;0.003067097;0.005432982;0.003256458;0.010230755;0.002197556;0.001715796;0.004854951;0.033246314;-0.12360323;0.036715673;-0.030130351;0.023182752;0.075820535;0.095210657;-0.027626709;0.005937674;-0.220077882;0.156501738;0.040985343;0.09722609;-0.017048799;-0.004560692;-0.00402951;0.034497236;0.025699286;-0.045311599;0.018009157;0.04634866;0.052058767;0.013324634;-0.022718167;-0.019129421;-0.002797863;0.012518868;-0.027952627;0.012128552;-0.053279974;0.098187547;0.017098257;0.142753641;0.13584529;0.032817716;0.114562053;0.158086509;0.040943099;0.071942728;0.104956501;0.0928265;0.026105107;0.023605496;-0.039256016;0.025563014;-0.056715918;-0.149471327;-0.045785912;0.057761211;-0.001669957;0.153193645;0.026500385;0.038238432;0.02181823;0.017058746;0.004940792;0.109451618;0.016313627;-0.020122516;0.02761227;0.424032718;0.743293499;0.34397871;0.504741308;0.45267981;0.507669894;0.521069524;0.314983608;0.551131517;0.699972788;0.38493176;0.369402745;0.397561004;0.431966087;0.562887888;0.436733061;0.454255627;0.542491667;0.375315453;0.566472236;0.509769765;0.779924343;0.39009306;0.334525567;0.462796074;0.458855378;0.530476926;0.782347225;0.45051403;0.288549426;0.481140992;0.482268021;0.48624556;0.485772128;0.517812312;0.46787428;0.533573556;0.333621983;0.526676473;0.545298878;0.429026081;0.492736473;0.433018114;0.636903568;0.442515085;0.477880987;0.732353029;0.310984737;0.386447769;0.567667224;0.482586846;0.359588159;0.605747903;0.494392529;0.45946484;0.42539261;0.534606477;0.328648455;0.293180467;0.629304752;"no"
0.208927112;0.625082546;2.294515762;0.189353255;0.432239457;2.349840025;0.01429334;0.34725777;2.350076893;0.354439833;0.323454598;2.342879893;-0.127105357;0.210444957;2.256853951;0.435880431;0.137075355;2.25075532;-0.064426398;0.179247784;2.075634803;0.335595874;0.066531876;2.104723877;-0.063691882;0.193950884;2.018972246;0.307019998;0.050152975;2.042387459;0.171136766;0.096304203;2.360353213;0.167179934;0.029587722;2.349778385;0.088679824;-0.04398236;2.345740656;0.237213498;-0.050115752;2.348745492;0.041514847;-0.516382389;2.489221746;0.27756483;-0.510730403;2.456128582;0.015553117;-0.866563431;2.584839082;0.275504257;-0.881319708;2.543079156;-0.030948969;-0.927374294;2.553267459;0.313347441;-0.933438865;2.490100705;0.002683815;0.002682779;0.005210586;0.001322278;0.001768166;0.002784942;0.003038366;0.002707155;0.007638754;0.001968608;0.001832266;0.006298689;0.018133884;0.043130797;0.058932923;0.018684136;0.007048705;0.051659998;0.113829422;0.064738789;0.108789358;0.05773631;0.028618239;0.095303516;0.134586194;0.076634135;0.11762903;0.085597968;0.045191748;0.092373599;8.04268E-4;0.001142827;0.003032942;8.37644E-4;0.001245873;0.003563264;0.001410522;0.001293291;0.003893744;8.87597E-4;0.001012164;0.004122705;8.49913E-4;0.001871423;0.002029935;0.001286628;0.005341458;0.002362753;9.92357E-4;0.002571148;0.002924473;8.16455E-4;0.002111495;0.002242473;0.002750431;0.002600816;0.003985059;0.00204644;0.003026524;0.007356607;-0.02700643;-0.181230137;-0.18601684;-0.069878707;-0.207381213;0.191456602;-0.076193422;0.026784247;-0.006969461;-0.003307038;-0.024969897;0.149349854;-0.042709251;-0.061365623;-0.021937183;-0.012804475;-0.05413437;0.018149547;0.071350765;-0.110824862;0.055367449;-0.043135247;-0.02034552;-0.028318149;0.066758889;-0.092980709;0.037765366;-0.072193741;-0.039920572;-0.002405348;-0.032454596;0.083726533;0.086467408;0.027289877;0.066138354;0.170916717;-0.00659849;0.019861332;0.105808625;0.016272201;0.013771874;0.1650569;-0.003140068;-0.041995781;-0.082861744;-0.047600954;0.076199471;-0.038393037;0.008570979;0.05846594;-8.03387E-4;0.012099458;0.008506801;-0.030455702;0.0179105;0.003659289;-0.035716032;0.028682305;-0.00639753;0.028934617;0.615666862;0.232542473;0.47696237;0.54062054;0.372132767;0.468390461;0.389861822;0.345444761;0.597384518;0.304359104;0.339620719;0.607511203;0.420432281;0.391801921;0.572213701;0.525444069;0.326484745;0.55012156;0.528991805;0.485607331;0.475599773;0.514447027;0.367198296;0.542371979;0.59681154;0.407606651;0.476089213;0.566364818;0.420349851;0.493659261;0.43509279;0.45798798;0.533605628;0.371989343;0.441663368;0.545079677;0.47393214;0.42432966;0.531060539;0.325850726;0.31970413;0.603303421;0.363184335;0.712200449;0.410468883;0.307683721;0.770234718;0.382552876;0.346628009;0.588918117;0.510508631;0.287736223;0.579786986;0.534181361;0.381326434;0.330364323;0.605919058;0.324403547;0.33315068;0.621670933;"born"
-0.027147527;0.697422986;2.384114246;-0.025630081;0.510354488;2.420373662;-0.211143835;0.39690478;2.4428212;0.152385109;0.399886591;2.407913862;-0.258060677;0.134686345;2.473921754;0.212282723;0.175321949;2.324297215;-0.262479269;-0.071346333;2.437669138;0.061782558;0.255663022;2.171325769;-0.259363586;-0.155568582;2.4158122;0.019182345;0.288050842;2.1630216;-0.025599803;0.146086011;2.435206662;-0.029782613;0.07682433;2.398209523;-0.113563808;-0.006012591;2.395665185;0.052587188;-0.003738705;2.387161554;-0.122606545;-0.474667666;2.521802923;0.088992848;-0.464794468;2.515091431;-0.116543229;-0.839801712;2.5961014;0.102942766;-0.842355065;2.603864108;-0.169505529;-0.921120889;2.568790169;0.142620382;-0.912941225;2.593975138;0.00165929;0.001688317;0.004969633;5.65432E-4;0.001186612;0.002690835;0.001051273;0.001662574;0.002834562;8.6072E-4;9.89837E-4;0.002058694;3.31695E-4;7.06544E-4;0.001895462;0.00201484;0.00225064;0.003482089;3.87936E-4;7.45788E-4;0.00148466;0.013122883;0.008946333;0.017178842;0.003987759;0.011657734;0.003093339;0.011922937;0.008051804;0.019029405;3.5913E-4;8.1845E-4;0.002494347;7.07443E-4;8.3106E-4;0.001729397;7.45797E-4;8.26114E-4;0.001659787;7.97831E-4;8.1376E-4;0.002368479;3.8236E-4;0.003549417;0.001334037;4.25144E-4;7.68664E-4;0.001587302;2.74813E-4;0.001903721;7.27634E-4;4.81841E-4;0.00208889;0.001458308;0.001437783;0.001171436;0.001769265;0.001993141;0.00177481;0.002694396;-0.048361661;0.095051838;0.367258049;-0.01449423;0.12888473;0.243553074;-0.02929091;-0.154038279;0.2503783;-0.024034629;0.001006428;0.09566079;-0.003843038;-0.123812695;0.212723109;0.076432552;0.101737784;-0.001535717;-0.037876742;0.003111845;0.05348221;0.030370384;-0.001572383;-0.006776035;-0.107455397;0.03491366;-0.003985049;-0.010569211;0.00863042;-0.026228068;0.03788045;-0.008818957;0.336393896;-0.057437971;0.018060505;0.082335029;-0.09968571;-0.004423344;0.061553265;0.008675773;0.010289532;0.078926238;-0.078116293;-0.252874864;0.124288297;0.023407847;0.01940172;-0.03139478;-0.002979007;-0.076851611;0.006308421;-0.104463984;-0.011760634;0.038531327;0.179537117;0.030462251;-0.076631485;0.127209034;0.009591988;0.148392696;0.440599955;0.303373044;0.454251119;0.465451432;0.447321642;0.46371286;0.33257001;0.479886176;0.495567311;0.461431196;0.620820213;0.428288953;0.287722861;0.509926015;0.516752149;0.398219389;0.484837326;0.535853887;0.24568176;0.54013169;0.559015318;0.486388702;0.401210419;0.541201757;0.573251349;0.606215645;0.370987288;0.434330934;0.396581264;0.564299796;0.375141836;0.450057857;0.452602036;0.30855662;0.332291571;0.616967672;0.388669354;0.315733585;0.598253728;0.38087835;0.364957729;0.588759372;0.23388172;0.733226696;0.380481738;0.475482789;0.641345958;0.414744269;0.274673281;0.696101677;0.457320315;0.407601452;0.682397294;0.411297069;0.383015783;0.421762975;0.554157896;0.507848528;0.496491242;0.457549981;"my"
-0.339323892;0.669279772;2.513618446;-0.340647586;0.496962427;2.586676663;-0.505413441;0.421664482;2.580691072;-0.163488273;0.427984871;2.599016205;-0.64108558;0.456739617;2.463545807;-0.014148195;0.461530353;2.475525952;-0.667334318;0.620818023;2.353665349;0.022791898;0.571362872;2.397706024;-0.676819066;0.676703039;2.343031554;0.035851923;0.613404608;2.394956084;-0.333643495;0.176910401;2.598614819;-0.330836755;0.114363488;2.578992494;-0.408291958;0.036678853;2.567642036;-0.24954714;0.038601687;2.581562759;-0.437342908;-0.46444588;2.677272289;-0.228218634;-0.471995634;2.681875699;-0.443446276;-0.846463318;2.719040446;-0.237674666;-0.856103188;2.700346964;-0.448877911;-0.90655446;2.659766133;-0.209178207;-0.934209859;2.654334639;0.006268227;0.017883352;0.012863095;0.006454282;0.008151329;0.007348107;0.01597093;0.0355895;0.013031267;0.007197332;0.021908393;0.008317002;0.072251433;0.170571138;0.046708302;0.067646681;0.146822336;0.061021723;0.213008978;0.215383107;0.053811883;0.194439214;0.172704775;0.097933784;0.261666224;0.228966772;0.058888366;0.2364648;0.198855985;0.119466236;0.004379946;0.025846976;0.007185183;0.003550717;0.032045246;0.004237199;0.005205393;0.03678936;0.003306133;0.002512513;0.033596768;0.004388293;0.001209802;0.007182053;0.002234322;7.47811E-4;0.006225797;0.00164166;4.48321E-4;0.002330631;0.001167865;4.50006E-4;0.003003478;0.001072727;0.011979136;0.01474138;0.031103551;6.07006E-4;0.001318712;9.00704E-4;0.111584498;0.043649057;-0.072014791;0.108262484;0.23265677;-0.060277221;-0.048361369;0.116045188;-0.057625365;0.042475156;0.025101956;-0.115701062;-0.052029311;0.070811657;0.007490181;0.015360226;-0.017978706;0.010303195;0.004844171;0.072149805;0.006153289;0.169575732;0.027787134;0.012006592;-0.015825381;0.074101387;0.010240626;0.183949209;0.029712172;0.007687554;0.013512327;0.120307988;-0.013144335;0.003224839;0.052831345;-0.028703125;0.006812404;0.151808936;-0.050963209;-0.075714568;0.111326251;-0.011163015;0.045586254;-0.083789882;0.035289268;0.033246709;0.025196069;-0.0123448;-0.009565073;0.072019302;-0.04497815;0.023611966;-0.143136583;-0.029708156;0.038294296;0.039291678;-0.045809264;-0.114619245;0.067743161;-0.037924295;0.40938827;0.551945242;0.495243578;0.502561922;0.527893856;0.437353506;0.510751502;0.650888255;0.374540951;0.468641585;0.654950272;0.393482003;0.535944712;0.68738799;0.331765594;0.566078013;0.646793176;0.352305448;0.570003323;0.702400715;0.286500301;0.611441194;0.614665951;0.320897436;0.600493482;0.677297981;0.285005374;0.608177951;0.61872416;0.316102588;0.20740544;0.757150837;0.422093222;0.195166263;0.853175725;0.329622998;0.263526302;0.806580864;0.345799259;0.404080776;0.805573252;0.280156914;0.353494789;0.79518176;0.330757789;0.324912741;0.809051716;0.335858599;0.33025639;0.713048586;0.42477009;0.329488747;0.732303011;0.399928373;0.417858227;0.470853379;0.540463373;0.361895235;0.592836584;0.492202718;"dark"
-0.060686814;0.70418971;2.410095011;-0.054131917;0.517742008;2.437230736;-0.234864618;0.411639937;2.404257782;0.124937299;0.412974485;2.43207208;-0.313314162;0.238641154;2.248889299;0.2438279;0.236817736;2.316827598;-0.131381834;0.217625748;2.117142011;0.133745719;0.15434466;2.124835172;-0.052602173;0.214512911;2.093833069;0.083825567;0.124901283;2.082233161;-0.050196497;0.163087841;2.451732874;-0.044937849;0.099463425;2.399837046;-0.122185178;0.017480358;2.382827621;0.035579897;0.020307154;2.397187563;-0.145162086;-0.472240479;2.51270823;0.072199783;-0.470232084;2.521176276;-0.134927268;-0.847335318;2.582112517;0.092352856;-0.840765263;2.601606943;-0.183519513;-0.918755013;2.547035598;0.14422324;-0.918623093;2.591289011;0.013380431;0.001664295;0.006338516;0.003011693;0.004572068;0.004442361;0.00365677;0.001729293;0.004798757;0.003932051;0.008257108;0.005857325;0.00553595;0.003255528;0.004500631;0.012056114;0.015199523;0.063398392;0.018593963;0.020607466;0.014820362;0.024777669;0.100358391;0.082246089;0.013575026;0.033033694;0.02224853;0.023294841;0.135441475;0.083214313;0.001520584;0.001398108;0.003028083;0.002255522;0.001150546;0.002717625;0.003188405;9.09579E-4;0.00413362;0.002186629;0.001747391;0.00231781;0.001256393;0.004281973;0.003260743;0.001092931;0.004404748;0.001309138;9.13079E-4;0.00257762;0.001030306;0.001227768;0.002953272;0.001364774;0.001212043;0.001578644;0.002815316;0.002614033;0.002164546;0.002059449;-0.006448852;0.027823426;-0.036150985;-0.023112019;-0.076075431;0.041309658;0.051714062;0.014627457;-0.030318156;-0.022510292;0.167278936;-0.158227351;-0.137451487;0.089275711;-0.075170344;0.001120347;0.027373649;-0.075810245;0.058528715;0.099205045;0.105518472;0.028564558;-0.100290648;-0.122922077;0.061770721;0.126749865;0.139071697;0.056312173;-0.126479841;-0.078006091;0.13605139;-0.069616983;-0.087998846;-0.00888186;-0.046890431;6.63722E-4;-0.049596967;0.047533207;-0.070508004;0.026039258;0.035603961;0.067928746;-0.015163216;-0.152098391;0.073575929;-0.135305253;-0.244579915;0.046381288;-0.04087327;-0.166428753;-0.007105288;-0.016357203;0.090801196;0.058107758;-0.074813582;-0.095169144;-0.045058518;-0.009104254;0.052172406;-0.0165757;0.667136123;0.240773277;0.490846371;0.491600959;0.450643201;0.516610826;0.375140647;0.304823971;0.612348873;0.308961477;0.677629284;0.420867681;0.389501243;0.491902268;0.527297373;0.270114379;0.323470433;0.631818745;0.475390443;0.585289482;0.438100154;0.233546322;0.59277561;0.520035396;0.40526204;0.600721565;0.449457664;0.227066159;0.654120742;0.488485721;0.709744653;0.433193365;0.358944532;0.605431778;0.395019673;0.481393259;0.637872976;0.305157887;0.486588282;0.491024041;0.487234996;0.499282132;0.379096909;0.656135772;0.435634727;0.369877801;0.71054936;0.36283215;0.324733083;0.747518787;0.383616593;0.371440903;0.709278684;0.407360131;0.371818277;0.484071989;0.54628984;0.583641491;0.463079797;0.463626167;"calendar"
